ORIGIN,DEST
DTW,PHL
LAS,ATL
AUS,SLC
LAX,SLC
MCO,ATL
ATL,ORF
ORF,ATL
ATL,CHS
RDU,MSP
JFK,PHX
CVG,SLC
GRR,ATL
ATL,EWR
EWR,ATL
MSP,JFK
HNL,SEA
SEA,HNL
ATL,ABQ
SJU,JFK
OGG,LAX
ATL,BNA
IAD,SEA
SEA,IAD
ORD,LGA
CVG,ATL
ATL,PVD
PVD,ATL
ATL,LAS
ATL,FLL
FLL,ATL
DTW,MCO
ATL,TYS
ATL,PWM
DTW,LGA
DEN,ATL
MCI,ATL
PIT,MSP
ORD,SLC
SLC,DFW
JFK,ATL
ATL,DCA
DCA,ATL
ATL,SLC
ANC,SEA
MSP,CLE
BHM,ATL
DTW,SMF
LAX,DTW
ATL,RSW
SLC,IAD
ATL,CLT
CLT,ATL
SEA,SJC
SJC,SEA
MSP,SEA
MSP,MCO
ATL,SAN
ATL,MCI
SLC,LAS
SLC,BOS
SEA,DTW
DAY,ATL
LAX,JFK
SJC,SLC
ATL,MYR
MYR,ATL
MSP,BNA
MSY,ATL
DCA,DTW
ATL,DFW
DFW,ATL
LAX,ATL
PBI,ATL
ATL,SRQ
SRQ,ATL
SLC,LAX
ATL,DEN
MCO,LGA
ATL,LGA
JFK,MCO
MCO,JFK
LGA,TPA
TPA,LGA
ATL,IND
IND,ATL
JFK,MSP
TPA,ATL
ATL,HOU
MSP,RDU
IND,MSP
MSP,IND
JFK,TPA
JFK,SAN
SAN,JFK
LGA,MSP
ATL,ELP
LAS,JFK
SAN,SLC
SLC,SAN
MSP,LGA
ATL,JAX
JAX,ATL
LGA,ATL
ATL,BOS
MCO,DTW
ATL,TPA
SAT,ATL
ATL,DAY
ATL,SAV
IAH,ATL
ATL,STL
STL,ATL
DTW,AUS
LAX,SFO
SFO,LAX
OKC,ATL
FLL,JFK
ATL,SMF
ATL,IAH
MSP,LAX
ATL,CLE
JFK,FLL
SLC,ATL
SLC,DTW
MSP,PIT
RAP,MSP
ATL,SEA
BNA,MSP
MSP,ATL
MSP,BIL
ATL,VPS
VPS,ATL
BOS,MSP
MSP,SAN
DTW,TPA
TPA,DTW
BNA,ATL
JFK,LAX
MSP,RAP
ATL,JFK
RDU,ATL
ALB,ATL
ORD,SEA
SEA,ORD
SLC,JFK
AUS,JFK
JFK,AUS
CHS,ATL
EYW,ATL
LGA,PBI
PBI,LGA
MSP,ORD
ORD,MSP
ATL,RIC
MSP,STL
STL,MSP
ATL,SAT
HOU,ATL
ATL,PNS
PNS,ATL
ATL,GSP
GSP,ATL
SLC,CMH
CVG,DEN
DEN,CVG
JFK,LAS
ATL,MIA
MIA,ATL
ANC,MSP
MSP,ANC
JAC,SLC
SLC,JAC
DTW,SEA
SEA,PDX
MCO,BOS
ATL,SFO
SDF,ATL
ATL,BHM
JAC,MSP
MIA,JFK
ATL,DAB
DAB,ATL
LAX,SEA
ATL,MOB
LGA,FLL
ATL,PHL
MCO,LAX
MSP,AUS
RIC,ATL
SFO,SLC
MSP,SLC
JFK,SLC
DAL,ATL
DTW,MSY
MSY,DTW
LAS,SEA
SEA,LAS
SLC,SFO
AUS,DTW
CMH,ATL
CMH,MSP
PHX,SEA
SEA,PHX
DTW,DFW
ATL,MCO
SEA,SFO
SFO,SEA
ECP,ATL
ATL,ECP
RDU,FLL
ATL,MSY
LAX,BNA
PHX,JFK
DTW,BOS
SEA,MSP
ATL,MEM
MEM,ATL
IAH,SLC
SMF,MSP
ATL,DAL
ATL,PBI
DTW,MKE
SNA,ATL
ATL,BDL
BDL,ATL
ICT,ATL
DEN,MSP
ATL,ICT
TPA,JFK
PSC,SLC
ATL,CHA
CHA,ATL
ATL,SNA
SLC,IAH
ATL,BUF
MSP,DEN
ATL,MDT
MDT,ATL
ATL,OKC
LGA,ORD
BOS,SFO
SFO,BOS
DEN,JFK
ATL,SDF
MSP,BOI
BOS,LAS
LAS,BOS
CLE,MSP
CHS,JFK
JFK,CHS
SLC,MSP
ATL,RDU
JFK,SEA
SLC,DEN
SAV,ATL
SLC,SNA
BZN,SLC
SLC,BZN
MCI,SLC
BIL,SLC
SLC,BIL
SLC,MCI
DEN,DTW
DTW,FLL
LAX,RDU
SEA,LAX
ATL,BWI
BWI,ATL
CLE,ATL
BOS,LAX
ATL,XNA
SEA,ATL
DTW,MIA
MIA,DTW
CLT,JFK
JFK,CLT
ALB,DTW
MKE,ATL
ATL,DSM
DSM,ATL
FCA,SLC
DFW,LGA
GSO,ATL
FCA,MSP
MSP,FCA
MSP,BOS
BOS,ATL
ATL,DTW
ELP,ATL
ATL,PHX
SLC,SMF
MCI,MSP
CVG,BOS
JFK,SJU
ATL,MDW
MDW,ATL
LAX,AUS
PVD,DTW
IAD,ATL
JFK,MIA
FNT,ATL
PWM,ATL
LAX,MSY
ORD,DTW
MSP,DTW
SLC,MCO
HPN,ATL
LAS,MSP
SLC,CLE
MSP,LAS
SLC,CVG
ATL,PDX
ATL,MSN
MSN,ATL
JFK,PDX
JFK,DCA
MCO,SLC
ATL,CVG
SAN,DTW
LAX,DEN
JAN,ATL
PDX,ATL
SEA,BOS
SEA,MCO
BNA,DTW
DTW,BNA
JFK,BOS
BUF,ATL
IAD,SLC
MSP,SMF
DEN,SEA
DTW,PHX
BOS,DTW
ATL,JAN
JFK,SFO
MSP,SNA
MCO,RDU
BIS,MSP
DEN,LAX
DTW,DEN
SLC,FCA
SLC,IND
BOS,CVG
SEA,DEN
ATL,LAX
ATL,MSP
IND,SLC
ATL,TRI
SLC,SEA
RSW,ATL
MSP,MEM
CVG,MCO
SLC,ABQ
PDX,JFK
DTW,DCA
AGS,ATL
BOS,TPA
TPA,BOS
SLC,RNO
ATL,TUL
TUL,ATL
LGA,MSY
SEA,SLC
ATL,MLB
MLB,ATL
ATL,GSO
CVG,FLL
FLL,CVG
DTW,LAX
ATL,ORD
ALB,MSP
ATL,CAK
LAX,MCI
MCI,LAX
DTW,ORD
CMH,LAX
SNA,SLC
FLL,LGA
MSY,JFK
MCI,DTW
DTW,JAX
JAX,DTW
MKE,DTW
PIT,SLC
LAS,SLC
SLC,GEG
DTW,CLT
BOS,SLC
LIH,SEA
SEA,ANC
SFO,DTW
AUS,ATL
ANC,SLC
LGA,BOS
CRW,ATL
DTW,SNA
SNA,DTW
ABQ,ATL
DFW,DTW
GEG,SEA
DFW,LAX
LAX,DFW
LGA,DTW
CAE,ATL
ORD,ATL
DEN,LGA
LGA,DEN
SLC,OAK
SJC,ATL
ATL,PIT
PIT,ATL
PDX,DTW
DTW,MSN
MSP,ALB
DTW,ATL
SLC,PHL
ATL,ATW
SLC,SJC
JFK,DEN
DTW,RSW
RSW,DTW
ROC,MSP
SEA,BNA
SEA,AUS
PHX,SLC
ATL,EYW
ATL,CID
RNO,SLC
AUS,SEA
BNA,SEA
TPA,CVG
MSP,PDX
CLT,DTW
FAR,MSP
ATL,AGS
DEN,SLC
MCO,CVG
CVG,SFO
BOS,MCO
SAN,ATL
MSP,FSD
DTW,BWI
LAS,LAX
BTV,ATL
AUS,LAX
DTW,SFO
LAX,BOS
PDX,SEA
SEA,SAN
MSP,CLT
JFK,MSY
ATL,BTV
ATL,HSV
HSV,ATL
OAK,SLC
EWR,MSP
ATL,AUS
MSP,PHL
LAX,LAS
AUS,MSP
ATL,OAK
OAK,ATL
BOS,AUS
DTW,MCI
BOS,FLL
FLL,BOS
LAX,PDX
BOS,RDU
RDU,BOS
MSP,JAC
BOS,SEA
BOI,SLC
SFO,ATL
DTW,BDL
SFO,MSP
FLL,SLC
SEA,IND
FAI,SEA
SEA,FAI
ATL,BUR
BUR,ATL
GEG,MSP
SLC,PHX
ATL,SJU
ATL,OMA
OMA,ATL
DTW,LAS
DTW,PDX
MSP,DFW
SAN,MSP
ATL,SYR
SYR,ATL
IAH,LGA
LGA,IAH
MKE,MSP
MSP,MKE
PDX,SLC
SLC,PDX
SEA,JFK
SLC,BOI
DTW,ROC
PDX,LAX
SJU,ATL
SEA,LIH
LAX,MSP
ATL,HPN
SLC,FLL
BWI,SLC
SAN,SEA
SMF,DTW
ATL,IAD
MSP,TVC
TVC,MSP
ATL,ONT
ONT,ATL
MSN,MSP
MSP,MSN
MSP,BUF
LAS,DTW
MSY,LAX
MSY,SLC
SLC,MSY
PHL,MSP
PHL,SLC
SFO,JFK
JFK,PBI
PBI,JFK
LGA,DFW
MEM,MSP
DTW,RDU
RDU,DTW
DTW,PWM
PHL,DTW
DFW,SLC
JFK,STT
STT,JFK
CID,ATL
PHX,DTW
RDU,LAX
PWM,DTW
LAX,IND
FLL,RDU
ATL,GRR
IAD,MSP
MSP,IAD
ABE,ATL
DTW,GRR
GRR,DTW
SLC,BNA
BDL,MSP
MSP,BDL
BOS,LGA
DTW,SLC
ATL,STT
STT,ATL
HNL,MSP
MSP,HNL
IND,LAX
RDU,MCO
HNL,DTW
DTW,HNL
PDX,MSP
SLC,HNL
HNL,SLC
MCO,MSP
LAX,HNL
HNL,LAX
TPA,LAX
SEA,CVG
BOI,MSP
LAX,CMH
MSP,ROC
PHL,ATL
BZN,MSP
MSP,BZN
JFK,SJC
MSP,GEG
MSP,SAT
LAX,SMF
DTW,TVC
CLE,DTW
ATL,GPT
JFK,SAT
ATL,SJC
CVG,TPA
BNA,LAX
IND,SEA
ATL,MKE
ATL,FNT
MSP,MCI
ATL,CMH
MSP,CMH
LAX,LIH
ROC,ATL
ATL,JAC
SLC,ONT
LGA,TVC
TVC,LGA
SLC,SAT
BOS,JFK
CLT,MSP
DTW,SRQ
SRQ,DTW
DTW,GSP
LAX,BZN
ATL,AVL
BOS,SAV
SAV,BOS
ATL,STX
STX,ATL
ATL,MSO
LGA,MYR
MYR,LGA
BZN,DTW
MSP,FAR
ATL,FCA
FCA,ATL
DTW,IND
MSP,EWR
MYR,DTW
MSP,DCA
STL,SLC
DTW,MSP
ATL,CRW
DCA,SLC
SLC,DCA
DTW,SAN
HNL,ATL
ATL,HNL
LGA,MIA
MIA,LGA
CHO,ATL
CVG,RSW
RSW,CVG
GRR,MSP
SNA,MSP
MOB,ATL
LGA,MCO
GSP,DTW
BDL,DTW
TRI,ATL
DTW,EWR
CLE,SLC
LAS,CVG
TPA,SLC
LAX,CVG
MSP,MSO
MSP,IAH
LEX,ATL
DCA,MSP
JAX,MSP
MSP,JAX
JNU,SEA
ATL,TLH
GPT,ATL
PHX,MSP
CAK,ATL
JAX,JFK
JFK,JAX
PHX,ATL
CVG,LAS
FLL,DTW
LAX,MCO
ATL,LEX
SMF,ATL
KOA,SEA
SEA,KOA
ATL,AVP
ATL,ROC
SAT,SLC
SLC,AUS
ATL,ILM
ATW,ATL
SEA,JNU
SLC,BWI
ABQ,SLC
AVL,ATL
LAX,OGG
IAH,MSP
SLC,ANC
EWR,DTW
DCA,JFK
MSP,PHX
SEA,RDU
ATL,FSD
RDU,SEA
GEG,SLC
SLC,ORD
DTW,MEM
LAX,KOA
BWI,MSP
MSP,BWI
SLC,PIT
FAI,MSP
MSP,FAI
TUS,ATL
FSD,ATL
ABQ,MSP
MSP,ABQ
PIT,DTW
ATL,LIT
LIH,LAX
SMF,SLC
CVG,SEA
MSP,SFO
SEA,OGG
SLC,TPA
SLC,PSC
BUF,MSP
ATL,LFT
MKE,SLC
SLC,MKE
LIT,ATL
XNA,ATL
DTW,SAT
TVC,DTW
MIA,MSP
MSP,MIA
MSP,SJC
SJC,JFK
ATL,ALB
SAN,LAX
SMF,LAX
ANC,ATL
ATL,ANC
LAX,SAN
ILM,ATL
LAX,TPA
MCO,SEA
LFT,ATL
CVG,LAX
LGA,RSW
RSW,LGA
SYR,MSP
ATL,MHT
DTW,ALB
EWR,SLC
DCA,LAX
LAX,DCA
PWM,LGA
SAT,MSP
MSY,LGA
MSP,RSW
RSW,MSP
ATL,CAE
ATL,PHF
FAY,ATL
IND,DTW
BUF,DTW
MSP,TPA
TPA,MSP
MSO,MSP
SLC,EWR
BWI,DTW
ATL,TUS
ATL,FAY
SEA,GEG
MSP,MSY
SLC,MSO
OGG,SEA
FLL,MSP
MSP,FLL
FSD,MSP
SJC,MSP
ATL,ABE
FCA,LAX
LAX,FCA
MKE,SEA
MSP,GRR
TVC,ATL
DTW,MYR
MSN,DTW
SFO,CVG
RDU,SLC
SLC,RDU
MSY,MSP
DTW,PVD
MSP,GTF
DTW,PBI
PBI,DTW
GTF,MSP
SEA,MKE
MCO,IND
MEM,LAX
MSP,BIS
IND,MCO
AVP,ATL
SAT,DTW
MSO,SLC
BIL,MSP
PHF,ATL
SAT,JFK
BNA,SLC
CLT,SLC
COS,ATL
KOA,LAX
ATL,COS
DTW,BZN
TYS,ATL
DTW,PIT
SLC,CLT
ONT,SLC
ATL,CHO
MEM,DTW
MSP,SYR
MHT,ATL
TLH,ATL
CMH,SLC
MSP,RNO
RNO,MSP
BZN,LGA
LGA,BZN
AUS,BOS
ATL,BZN
BZN,ATL
JAC,ATL
MSO,ATL
ATW,MSP
ATL,TVC
MSP,ATW
MSP,CVG
DFW,MSP
DTW,CLE
LAX,MEM
SLC,STL
LGA,PWM
JFK,DTW
ROC,DTW
JFK,DFW
DFW,JFK
DTW,JFK
CVG,MSP
DTW,SJC
SJC,DTW
MSP,LEX
ORF,LGA
RDU,LGA
SAV,JFK
JFK,ROC
ROC,JFK
JFK,RDU
RDU,JFK
LGA,DSM
DTW,EVV
EVV,DTW
IND,RDU
BWI,CVG
MOT,MSP
MSP,MOT
DTW,TYS
TYS,DTW
GSO,LGA
LGA,GSO
JFK,ORD
RDU,IND
DTW,HPN
HPN,DTW
CVG,ORD
ORD,CVG
RDU,DCA
MSP,DSM
RDU,PHL
LGA,MCI
CWA,DTW
BWI,JFK
LGA,ROC
ROC,LGA
ATL,OAJ
OAJ,ATL
DSM,DTW
JFK,CLE
PHL,CVG
ATL,SGF
SGF,ATL
ATL,SHV
SHV,ATL
CLT,CVG
CVG,CLT
CHA,LGA
DTW,CVG
LGA,CVG
AEX,ATL
ATL,AEX
CVG,AUS
RDU,AUS
ATL,GNV
AUS,RDU
LGA,CHA
ATL,GRB
ATL,RST
CSG,ATL
BWI,RDU
RDU,BWI
CWA,MSP
MSP,CWA
ATL,BTR
BTR,ATL
CLE,BOS
LGA,CHO
JFK,IND
LGA,CLT
CHO,LGA
CLT,LGA
EVV,ATL
CVG,DCA
DCA,CVG
JFK,SYR
DSM,MSP
RST,ATL
ATL,CSG
ATL,MLI
MLI,ATL
MEM,LGA
BOS,PHL
PHL,BOS
CID,DTW
DTW,CID
LGA,RDU
CLE,LGA
DTW,GSO
LGA,LEX
JFK,BWI
DTW,DSM
ORF,MSP
BOS,MYR
CVG,BWI
MYR,BOS
ATL,EWN
RDU,BDL
CVG,DTW
MCI,BOS
ATL,EVV
RDU,CVG
BUF,JFK
JFK,BUF
XNA,LGA
JFK,RIC
EWN,ATL
BDL,RDU
ATL,BMI
BMI,ATL
DTW,MBS
MBS,DTW
SFO,PHX
LAX,CLT
DFW,PHX
CLT,TPA
TPA,CLT
DFW,TUS
TUS,DFW
PHX,SMF
MIA,DFW
SDF,LAX
CLT,DCA
ORD,CLT
SAT,PHX
PHX,MIA
DFW,MCI
MCI,DFW
CLT,BDL
PIT,PHL
BOS,CLT
CLT,BNA
CLT,SFO
CLT,SEA
LAS,PHX
PHX,LAS
CLT,FLL
FLL,CLT
DEN,PHX
PHL,SAN
MCI,CLT
MIA,MSY
MSY,MIA
BNA,CLT
JAX,CLT
TPA,DCA
MCO,DFW
CLT,PIT
PIT,CLT
SAN,PHL
DFW,MEM
SAV,CLT
PHL,TPA
CLT,SAV
DCA,ORD
DFW,MYR
MYR,DFW
MCO,CLT
CLT,MCO
DFW,PHL
ORD,PHL
PHL,ORD
RDU,CLT
ORD,PHX
AUS,PHX
DCA,DFW
PHX,SJC
SJC,PHX
LGA,PIT
CLT,CLE
PHL,BDL
PHL,LGA
SEA,PHL
DCA,LGA
LGA,DCA
DCA,BOS
BOS,DCA
DCA,CLT
LAS,PHL
MAF,DFW
TPA,MIA
DFW,ORD
ORD,DFW
AUS,CLT
EGE,DFW
DFW,EGE
ORD,BOS
PHX,BOI
ORD,DCA
ORD,IND
PWM,PHL
PIT,DCA
DFW,MCO
MIA,DEN
SAT,DFW
DFW,FLL
FLL,DFW
MIA,CLT
CLT,DFW
MCI,ORD
ORD,MCI
RIC,DFW
DFW,MIA
DFW,CMH
ORD,AUS
STL,ORD
ORD,RSW
DFW,IAH
DFW,MSY
DFW,SNA
BUF,PHL
OMA,ORD
DFW,DCA
DFW,PDX
DEN,IND
IND,DEN
DEN,TYR
TYR,DEN
DEN,RNO
RNO,DEN
DEN,FLL
FLL,DEN
DEN,ICT
ICT,DEN
DEN,PDX
LAS,MSN
MSN,LAS
LAS,SAN
SAN,LAS
PHL,MSY
MSY,PHL
PHL,CLT
CLT,PHL
PHL,MYR
MYR,PHL
DEN,SNA
SNA,DEN
DEN,DCA
DCA,DEN
LAS,IAD
IAD,MCO
MCO,MEM
MEM,MCO
DEN,ALB
ALB,MCO
MCO,SAN
SAN,MCO
PHL,CHS
CHS,PHL
PHL,SAV
SAV,PHL
TTN,ATL
DEN,FAT
FAT,DEN
RDU,SAN
SAN,SAT
ATL,TTN
MCO,TTN
TTN,RSW
RSW,TTN
TTN,ORD
BNA,DEN
DEN,MYR
MYR,DEN
CVG,PHL
DEN,XNA
XNA,DEN
DEN,LAS
LAS,TPA
MCO,TUL
TUL,MCO
MCO,IAD
IAD,LAS
LAS,MCO
RDU,PVD
PVD,DEN
CVG,LGA
AUS,ORD
ORD,SYR
SYR,ORD
ORD,BNA
BNA,ORD
ORD,ELP
AUS,CVG
LAS,RDU
AUS,TPA
TPA,LAS
LAS,SMF
SMF,LAS
DEN,CLE
DEN,RDU
MCO,BWI
BWI,MCO
MCO,IAH
IAH,LAS
MCO,BHM
BHM,MCO
MCO,MSY
MSY,MCO
MCO,LAS
DEN,SBA
CLE,DEN
DEN,SFO
TTN,JAX
MCO,HSV
HSV,DEN
PHX,DEN
DEN,ONT
ONT,MCO
MCO,ALB
ALB,DEN
PHX,ORD
ORD,TPA
TPA,AUS
AUS,DEN
DTW,TTN
CLE,LAS
LAS,CLE
CLE,MCO
MCO,CLE
SFO,DEN
DEN,JAX
JAX,DEN
TPA,ORD
AUS,LAS
LAS,DEN
CVG,RDU
RDU,CMH
CMH,RDU
DEN,OKC
OKC,DEN
PHX,COS
COS,IAD
IAD,COS
COS,PHX
DEN,TPA
CLT,DEN
DEN,PVD
PVD,RDU
RDU,DEN
SAT,DEN
DEN,BIS
BIS,DEN
DEN,PIT
PIT,DEN
LAS,GEG
GEG,LAS
PDX,DEN
DEN,BDL
BDL,DEN
DEN,IAH
TPA,CLE
CLE,TPA
TPA,PHL
PHL,RDU
RDU,ISP
ISP,RDU
PHL,MKE
MKE,LAS
LAS,IAH
IAH,MCO
LAS,IND
IND,LAS
TTN,DTW
DEN,AUS
AUS,MSY
MSY,AUS
DEN,IAD
IAD,AUS
AUS,IAD
IAD,DEN
MCO,MKE
MKE,PHL
PHL,LAS
RDU,PBI
PBI,RDU
RDU,ALB
ALB,RDU
RDU,LAS
SAT,SAN
SAN,DEN
DEN,HSV
HSV,MCO
DEN,ORD
ORD,JAX
JAX,ORD
ORD,DEN
DEN,CLT
MCO,ONT
ONT,DEN
LAS,COS
COS,MSP
MSP,COS
COS,LAS
LAS,AUS
DEN,MCO
IAH,DEN
DEN,SAN
SAN,RDU
RDU,JAX
JAX,RDU
BOS,DEN
LAS,MKE
MKE,MCO
CLE,RSW
RSW,CLE
CLE,SFO
DEN,MIA
SJU,PHL
PHL,MCO
MCO,ISP
DEN,ORF
ORF,DEN
MCO,BUF
BUF,MCO
MCO,PHL
MCO,STL
MCO,SYR
SYR,MCO
MCO,SJU
DEN,BMI
BMI,DEN
ISP,TPA
TPA,ISP
ISP,MCO
MCO,DEN
MCO,PWM
PWM,MCO
MCO,BMI
BMI,MCO
MCO,OKC
OKC,MCO
MCO,ORD
ORD,LAS
DEN,RSW
RSW,DEN
DEN,PNS
PNS,DEN
PHL,RSW
RSW,PHL
PHL,SJU
ORD,MCO
MCO,SAT
SAT,MCO
SJU,MCO
DEN,MSY
MSY,DEN
SFO,CLE
CLE,PHX
PHX,CLE
CLE,AUS
AUS,CLE
DEN,CID
CID,DEN
LAS,STL
STL,MCO
CLE,CHS
CHS,CLE
DEN,STL
STL,DEN
DEN,GEG
GEG,DEN
DEN,OMA
OMA,LAS
LAS,OMA
OMA,DEN
DEN,MKE
MKE,DEN
DEN,MCI
MCI,PHL
PHL,MCI
MCI,DEN
DEN,DFW
DFW,DEN
DEN,JAC
JAC,DEN
DEN,SDF
SDF,DEN
TTN,TPA
TPA,TTN
TTN,RDU
BFM,DEN
AUS,SFO
SFO,AUS
MCO,JAN
JAN,DEN
DEN,BZN
BZN,DEN
DEN,TYS
TYS,DEN
DEN,BTV
BTV,DEN
DEN,SYR
SYR,RDU
RDU,SYR
SYR,DEN
ORD,PNS
PNS,PHL
PHL,PNS
PNS,ORD
PHL,MSN
MSN,PHL
PHL,AUS
AUS,PHL
PHL,IAH
IAH,PHL
DEN,SAV
SAV,DEN
DEN,CMH
CMH,DEN
MCO,CMH
CMH,MCO
MCO,MDT
MDT,MCO
MCO,PVD
PVD,CLT
PHL,JAX
JAX,LAS
SMF,DEN
PHL,OMA
OMA,PHL
PHL,MIA
MIA,PHL
AUS,SAN
DEN,HRL
HRL,ORD
DEN,BOS
ORD,TTN
TTN,CLT
CLT,TTN
TTN,MCO
DFW,LAS
DEN,ABQ
ABQ,DEN
LAS,SAT
SAT,MSY
MSY,SAT
SAT,LAS
PHL,DEN
CLE,SAN
SAN,AUS
ELP,ORD
ORD,HRL
HRL,DEN
DEN,GSP
GSP,DEN
RDU,PWM
PWM,DEN
DEN,FAR
FAR,DEN
DEN,BHM
BHM,DEN
DEN,SAT
LAS,DFW
LAS,GSP
GSP,MCO
MCO,GRR
GRR,DEN
CVG,DFW
DFW,CVG
LAS,SFO
SFO,LAS
DEN,JAN
JAN,MCO
TTN,CHS
CHS,TTN
CLT,PVD
PVD,MCO
DEN,GRR
GRR,MCO
MCO,AUS
AUS,MCO
TTN,MSP
DEN,PWM
PWM,RDU
CVG,PHX
PHX,CVG
MCO,GSP
GSP,LAS
DEN,SJC
SJC,DEN
RDU,IAH
IAH,RDU
RDU,TPA
TPA,DEN
DEN,BFM
TPA,RDU
DEN,SMF
DEN,LIT
LIT,DEN
ATL,ISP
ISP,ATL
SAN,CLE
MCO,COS
RDU,CLE
CLE,RDU
RDU,MSY
MSY,RDU
DEN,TUL
TUL,DEN
COS,SAT
SAT,COS
LAS,SJC
SJC,LAS
AUS,SNA
DEN,BNA
DEN,BWI
BWI,DEN
DEN,MSN
MSN,DEN
LAS,BNA
BNA,PHL
PHL,BNA
BNA,LAS
TTN,FLL
FLL,TTN
SNA,AUS
DEN,PHL
LAS,JAX
JAX,PHL
MSP,TTN
RDU,TTN
ISP,MYR
MYR,ISP
CLE,SEA
ISP,FLL
FLL,ISP
LAS,ORD
STL,LAS
CLE,SRQ
SRQ,CLE
PHL,MEM
MEM,PHL
SEA,CLE
MCO,BNA
BNA,MCO
DEN,ELP
ELP,DEN
DEN,MSO
MSO,DEN
DEN,MDT
MDT,DEN
DEN,DSM
DSM,DEN
DEN,FSD
FSD,DEN
DEN,CHS
CHS,DEN
DEN,MEM
MEM,DEN
DEN,BKG
BKG,DEN
JAX,TTN
TPA,MKE
MKE,TPA
TPA,BUF
BUF,DEN
TTN,MYR
MYR,TTN
TTN,PBI
PBI,TTN
PHL,DFW
DEN,BIL
BIL,DEN
SBA,DEN
DEN,BUF
BUF,TPA
TTN,BNA
BNA,TTN
COS,MCO
DEN,GRB
GRB,DEN
ISP,PBI
PBI,ISP
DEN,BOI
BOI,DEN
LAS,ORF
ORF,MCO
MCO,ORF
ORF,LAS
LAS,CLT
CLT,LAS
IAD,SAT
SAT,ONT
ONT,SAT
SAT,IAD
SAN,CVG
MCO,LFT
LFT,DEN
DEN,LFT
LFT,MCO
ORD,BFM
BFM,ORD
RDU,MKE
MKE,RDU
RDU,SJU
SJU,RDU
CVG,JAX
JAX,CVG
CVG,SAN
RSW,ORD
ORD,BKG
BKG,DFW
DFW,BKG
BKG,ORD
BUF,RDU
RDU,BUF
AUS,ONT
ONT,AUS
MCO,BDL
BDL,MCO
RSW,MKE
MKE,RSW
DFW,SEA
SEA,DFW
MCI,SEA
PDX,ORD
ORD,PDX
SFO,RDU
RDU,SFO
HNL,SFO
MCO,PDX
SEA,CHS
SEA,MCI
BWI,LAX
LAX,BWI
SEA,STL
MSY,SEA
SFO,HNL
PDX,DCA
BWI,SEA
PDX,MCO
SEA,TPA
DCA,PDX
EWR,SAN
SEA,BWI
SEA,IAH
STL,SEA
EWR,SJC
SJC,EWR
CHS,SEA
SEA,MSY
SEA,KTN
SEA,EWR
EWR,SEA
SMF,SEA
OGG,SMF
SJC,OGG
OGG,SAN
PDX,OGG
SEA,SNA
OAK,OGG
OGG,SJC
OGG,SFO
SAN,LIH
SFO,OGG
OGG,PDX
SMF,OGG
SEA,SMF
OAK,HNL
ANC,HNL
SAN,OGG
HNL,SJC
PDX,HNL
HNL,PDX
SJC,HNL
HNL,OAK
OGG,OAK
LIH,SJC
KOA,SJC
OAK,KOA
LIH,SAN
KOA,OAK
SJC,LIH
SFO,KOA
KOA,SFO
HNL,SAN
BOI,SEA
SAN,HNL
SEA,BOI
FAI,ANC
HNL,ANC
SEA,OAK
SFO,DCA
DCA,SFO
BUR,SEA
SAN,BOS
BOS,SAN
SAN,SJC
PDX,LAS
SEA,ABQ
IAD,SFO
SEA,FLL
ABQ,SEA
SFO,IAD
AUS,PDX
IAD,LAX
SFO,BNA
BNA,SFO
SJC,SAN
FLL,SEA
LAX,IAD
LAS,PDX
LAX,PHL
PHL,LAX
PDX,SNA
SFO,PHL
PHL,SFO
SEA,BUR
SNA,PDX
PDX,BOS
ORD,SFO
SFO,ORD
LAX,ORD
ORD,LAX
BOS,PDX
SFO,MCO
MCO,SFO
SFO,PDX
PHL,SEA
LAX,FLL
FLL,LAX
SNA,SEA
PDX,SFO
PDX,SJC
SJC,PDX
SEA,PSP
PSP,SEA
SFO,MSY
MSY,SFO
SJC,LAX
LAX,SJC
PDX,AUS
SEA,CMH
CMH,SEA
SFO,SAN
SAN,SFO
DCA,SEA
SEA,DCA
ADQ,ANC
ANC,BET
BET,ANC
ANC,ADQ
SCC,BRW
ANC,SCC
BRW,ANC
EWR,PDX
PDX,EWR
BRW,FAI
SIT,SEA
KTN,SEA
JNU,KTN
CDV,ANC
JNU,YAK
YAK,CDV
SIT,KTN
ANC,JNU
JNU,SIT
SEA,SIT
PSG,WRG
JNU,PSG
WRG,KTN
WRG,PSG
JNU,ANC
KTN,WRG
PSG,JNU
ANC,CDV
CDV,YAK
YAK,JNU
KTN,SIT
SIT,JNU
KTN,JNU
JNU,GST
GST,JNU
OAK,SEA
PDX,ANC
ANC,FAI
LAX,ANC
ANC,PDX
ANC,ORD
ORD,ANC
ANC,LAX
DAL,SEA
SJC,KOA
ANC,OME
OME,ANC
ANC,OTZ
OTZ,OME
OTZ,ANC
SEA,DAL
AKN,ANC
ANC,DLG
ANC,AKN
DLG,ANC
KOA,SAN
SEA,PIT
PIT,SEA
EWR,LAX
SFO,BWI
SAN,KOA
SFO,EWR
ONT,SEA
SAN,SMF
SAN,PDX
SMF,SAN
EWR,SFO
PDX,BWI
PDX,SAN
BWI,SAN
SAN,BWI
BWI,PDX
IAH,SEA
PDX,PHL
SAN,EWR
SEA,ONT
PHL,PDX
SEA,SBA
SBA,SEA
SEA,OMA
OMA,SEA
PDX,BUR
SEA,SAT
LAX,EWR
TPA,SEA
FAI,SCC
SCC,ANC
BUR,PDX
TUS,SEA
PDX,PHX
SAT,SEA
SEA,TUS
PDX,DFW
PHX,PDX
KOA,SMF
SMF,KOA
LIH,OAK
OAK,LIH
BWI,SFO
ADK,ANC
ANC,ADK
RNO,SEA
SEA,RNO
OME,OTZ
BWI,BOS
MCO,BQN
BQN,MCO
BOS,CLE
EWR,PBI
CLE,FLL
FLL,CLE
MCO,PSE
PSE,MCO
ORH,JFK
JFK,ORH
LAS,LGB
LGB,LAS
RIC,BOS
EWR,FLL
FLL,EWR
ROC,BOS
BOS,ROC
DFW,BOS
JAX,DCA
BOS,PBI
PBI,BOS
MCO,DCA
BOS,BWI
JFK,PSE
PSE,JFK
FLL,SJU
SJU,FLL
EWR,RSW
RSW,EWR
HPN,FLL
BOS,BUF
BUF,BOS
DCA,MCO
SJC,LGB
LGB,SJC
MCO,EWR
BQN,JFK
JFK,BQN
JFK,SAV
DCA,CHS
CHS,DCA
BOS,SYR
MCO,SWF
HPN,PBI
PBI,HPN
BOS,SJU
SJU,BOS
HYA,JFK
JFK,HYA
BOS,RSW
ORD,JFK
FLL,HPN
EWR,MCO
HOU,BOS
BDL,FLL
FLL,PHL
LGB,SEA
SEA,LGB
BOS,ORD
JFK,LGB
JAX,FLL
FLL,JAX
BOS,HOU
STT,SJU
SJU,STT
SJU,TPA
RSW,BOS
MCO,HPN
BOS,RIC
FLL,BQN
BQN,FLL
BOS,JAX
BOS,DFW
PDX,LGB
FLL,CHS
CHS,FLL
LGB,SFO
BDL,PBI
PBI,BDL
RIC,FLL
FLL,RIC
TPA,SJU
FLL,PHX
PHX,FLL
LGB,SMF
RIC,MCO
MCO,RIC
ACK,JFK
FLL,PVD
PVD,FLL
JAX,BOS
MVY,BOS
SFO,LGB
CLT,BOS
HPN,RSW
RSW,HPN
DCA,FLL
EWR,BOS
BOS,PIT
PIT,BOS
PVD,PBI
PBI,PVD
EWR,SJU
SJU,EWR
BOS,MVY
JFK,MVY
MVY,JFK
DCA,SJU
SJU,DCA
FLL,DCA
LGB,AUS
AUS,LGB
MSY,FLL
FLL,MSY
HPN,TPA
FLL,BDL
JFK,ACK
TPA,BDL
ACK,BOS
BOS,ACK
JFK,SRQ
RSW,JFK
SLC,LGB
LGB,SLC
BTV,JFK
JFK,BTV
BOS,CHS
CHS,BOS
BOS,EWR
JFK,RSW
PBI,DCA
BNA,BOS
BOS,BNA
SYR,JFK
LGB,PDX
ORH,MCO
HPN,MCO
PBI,EWR
EWR,TPA
ORH,FLL
FLL,ORH
TPA,EWR
DCA,JAX
HPN,ACK
ACK,HPN
BDL,SJU
SJU,BDL
BUR,JFK
JFK,BUR
BUF,FLL
FLL,BUF
LGA,ACK
ACK,LGA
PWM,JFK
FLL,LAS
LAS,FLL
LGB,JFK
LGB,RNO
RNO,LGB
JFK,ABQ
ABQ,JFK
RNO,JFK
JFK,RNO
ALB,FLL
FLL,ALB
JFK,PWM
OAK,LGB
LGB,OAK
JFK,SMF
SMF,JFK
SRQ,JFK
JFK,OAK
OAK,JFK
FLL,BNA
BNA,FLL
SMF,LGB
FLL,SFO
SFO,FLL
HOU,JFK
MCO,ORH
ONT,JFK
JFK,ONT
SYR,BOS
PHL,FLL
MSY,BOS
BOS,MSY
BOS,LGB
BOS,SMF
SMF,BOS
DCA,PBI
SWF,MCO
BOS,SJC
SJC,BOS
DCA,RSW
RSW,DCA
BUF,LAX
LAX,BUF
LGB,BOS
FLL,AUS
AUS,FLL
FLL,SAN
SAN,FLL
BDL,TPA
SWF,FLL
FLL,SWF
TPA,HPN
ORD,FLL
FLL,ORD
JFK,HOU
PHX,BOS
BOS,PHX
BOS,BUR
OAK,BOS
BOS,OAK
MIA,PNS
PNS,MIA
MIA,SAV
SAV,MIA
CMH,LGA
LGA,CMH
LGA,PHL
CLT,IND
DCA,DSM
DCA,MVY
DSM,DCA
MVY,DCA
IAH,MIA
AVL,LGA
LGA,AVL
MIA,SDF
SDF,MIA
IND,PHL
IND,DCA
GSO,MIA
MIA,GSO
MIA,IAH
LGA,MVY
MVY,LGA
ACK,DCA
DCA,ACK
HVN,PHL
DCA,OKC
OKC,DCA
TYS,LGA
LGA,TYS
DAB,LGA
DCA,IND
LGA,DAB
PHL,HVN
LGA,ILM
LGA,RIC
PHL,MHT
PHL,SYR
AUS,MIA
MIA,AUS
BDL,PHL
CLE,MIA
MHT,PHL
RIC,LGA
MIA,PIT
PHL,BTV
PIT,MIA
PHL,PWM
MSY,DCA
BTV,PHL
PBI,PHL
PHL,PBI
DCA,SDF
CHS,MIA
LGA,BNA
DSM,PHL
PHL,DSM
MIA,ORF
ORF,MIA
PHL,SDF
SDF,PHL
DCA,PWM
PWM,DCA
MIA,MCI
MSY,CLT
PIT,LGA
LGA,STL
STL,LGA
ATL,HHH
HHH,ATL
LGA,IND
IND,LGA
DCA,OMA
OMA,DCA
LGA,SDF
JAX,LGA
LGA,JAX
LEX,DTW
BOS,CMH
CMH,BOS
SDF,LGA
DCA,LEX
LEX,DCA
DTW,SDF
LGA,SRQ
SRQ,LGA
BOS,IND
BOS,MCI
CMH,JFK
JFK,CMH
SDF,DTW
CMH,DTW
DTW,CMH
BNA,LGA
IND,BOS
DTW,LEX
MCI,LGA
DCA,MSN
MSN,DCA
GRR,LGA
LGA,GRR
ILM,LGA
IND,RSW
RSW,IND
EYW,LGA
LGA,EYW
CMH,RSW
RSW,CMH
HHH,LGA
LGA,HHH
BUF,LGA
LGA,BUF
EWR,BTV
IAH,CLE
ORD,PIT
EWR,SDF
MSY,EWR
EWR,SAV
IAH,DCA
EWR,SRQ
IAH,ABQ
EYW,EWR
ORD,OMA
IAH,IND
IND,IAH
DEN,DRO
DEN,GJT
EWR,MSY
ORD,SRQ
EWR,PIT
SDF,EWR
IND,EWR
EWR,CVG
CMH,EWR
IAH,ICT
PIT,EWR
RDU,EWR
STL,IAH
IAH,OKC
IAH,STL
EWR,AUS
DEN,DAY
EWR,XNA
MAF,IAH
OMA,EWR
ICT,ORD
IND,ORD
OKC,EWR
EWR,CHS
ORD,CMH
JAX,IAH
EWR,PNS
MKE,EWR
BHM,ORD
EWR,MEM
ORD,TUL
PIT,IAH
ORD,BHM
MCI,EWR
IAH,PIT
PNS,EWR
EWR,CMH
DTW,IAH
EWR,CLT
MEM,EWR
EWR,OMA
EWR,DCA
IAH,SDF
SDF,IAH
IAH,GRR
CLT,EWR
LFT,IAH
CLE,IAH
EWR,CLE
SRQ,EWR
EWR,RDU
IAH,CVG
EWR,SAT
XNA,EWR
RDU,ORD
CVG,IAH
SRQ,ORD
ORD,CID
IAH,DTW
SAV,EWR
OKC,IAH
EWR,MCI
EWR,IND
STL,EWR
GRR,EWR
SAT,EWR
IAH,MAF
DCA,EWR
ORD,TYS
ORF,ORD
SAV,ORD
XNA,IAH
IAH,LFT
DRO,DEN
PIT,ORD
EWR,GRR
EWR,JAX
TUL,ORD
ORD,MSY
TYS,IAH
CLT,ORD
GRR,IAH
ORD,ORF
CMH,IAH
CLE,EWR
AUS,EWR
BTV,EWR
CHS,EWR
DAY,DEN
CMH,ORD
EWR,STL
ORD,BTV
IAH,CLT
CLE,ORD
DEN,MAF
CID,ORD
IAH,CMH
IAH,XNA
EWR,MKE
DCA,IAH
EWR,EYW
SDF,ORD
EWR,OKC
MSY,ORD
GJT,DEN
ORD,GRR
SAT,ORD
MAF,DEN
HHH,EWR
EWR,SYR
ABQ,IAH
EWR,DEN
BOS,IAH
PHX,SFO
PSP,SFO
BNA,IAD
EUG,DEN
BNA,EWR
EWR,SMF
SFO,IAH
IAD,ORD
SAT,IAH
ORD,RDU
EWR,DFW
MSY,IAD
LAX,IAH
DEN,FCA
PHX,IAH
ORD,MEM
DEN,MFR
PHX,IAD
TPA,IAD
LAS,EWR
DEN,ANC
IAH,IAD
DFW,EWR
DEN,LIH
IAD,SAN
EWR,BZN
ORD,EWR
PDX,IAD
ORD,ALB
SAN,IAD
IAH,SMF
IAD,ORF
IAD,MCI
ORD,FCA
IAH,SNA
IAH,SFO
IAH,SAN
IAH,RSW
IAD,IAH
IAH,PHX
IAD,EWR
RDU,IAD
FCA,ORD
IAH,ORD
IAD,DFW
IAH,MSY
ORD,CLE
IAD,FLL
SNA,SFO
SFO,PIT
PIT,SFO
ORD,CHS
ANC,IAH
ANC,DEN
SAN,IAH
IAH,MFE
ORD,BWI
ORD,IAD
ORD,SAN
IAH,SAT
MEM,ORD
ORD,BZN
BZN,ORD
ORD,DLH
DLH,ORD
ORD,SMF
ORD,MSN
IAH,LAX
LAX,CLE
SNA,IAH
SFO,EUG
JAC,ORD
FLL,IAH
EWR,ORD
EWR,LAS
IAH,MCI
BOS,IAD
AUS,IAH
ALB,ORD
SJC,ORD
IAH,MEM
CLE,LAX
IAH,EWR
ORD,IAH
IAH,JAX
EWR,IAD
IAH,FLL
MIA,ORD
SFO,TPA
STT,IAH
IAH,STT
IAD,RDU
TPA,IAH
IAD,TPA
SFO,LIH
EWR,MIA
SFO,SNA
ORD,JAC
SFO,ANC
EWR,MYR
EWR,BQN
RNO,ORD
IAH,PDX
IAH,AUS
MCI,IAH
COS,DEN
SAN,ORD
LAX,ITO
EUG,SFO
IAH,TPA
SMF,ORD
MSY,IAH
ORD,TVC
IAD,BDL
SJU,ORD
MFR,DEN
ORD,BUF
CLT,IAH
IAH,BOS
EWR,IAH
ORD,SJC
EWR,SNA
BDL,IAD
SJU,IAH
SFO,OMA
SFO,MCI
FLL,IAD
IAH,BWI
SJC,IAH
DFW,IAD
SFO,MFR
DEN,EWR
IAD,BNA
RAP,ORD
DEN,KOA
DEN,RDM
ANC,EWR
EWR,ANC
LIH,SFO
ORD,SNA
DEN,OGG
KOA,DEN
TUL,IAH
BWI,ORD
SFO,RNO
FCA,DEN
ITO,LAX
MIA,EWR
EWR,PWM
LIH,DEN
SFO,ONT
BUF,ORD
MDT,ORD
ORD,SAT
ORD,ROC
ORD,DSM
SFO,CMH
OMA,IAH
PHX,EWR
CMH,SFO
IAH,TUL
PWM,ORD
MSN,ORD
BUR,DEN
ORD,RAP
FAI,ORD
ORD,FAI
RIC,ORD
SFO,BZN
STL,SFO
SNA,EWR
OMA,SFO
SFO,STL
ORD,BDL
RNO,SFO
MYR,ORD
IAD,STT
IAH,BNA
ROC,ORD
OGG,DEN
MFE,IAH
BWI,IAH
MEM,IAH
IAH,SJU
IAH,ANC
STT,IAD
FAT,ORD
ORD,SAV
SFO,FAI
SMF,IAH
IAH,DFW
SNA,ORD
SFO,DFW
ANC,SFO
DEN,COS
CHS,ORD
BQN,EWR
IAD,BOS
SMF,IAD
BDL,ORD
ORF,IAD
CLE,IAD
EWR,BNA
BZN,SFO
EWR,PHX
RSW,IAH
RDM,DEN
IND,SFO
IAD,MSY
BTV,ORD
GEG,ORD
ORD,RIC
ORD,PWM
HNL,DEN
PDX,IAH
SFO,PSP
EWR,HNL
HNL,EWR
OGG,ORD
IAD,HNL
HNL,IAD
BNA,IAH
ORD,MDT
DEN,HNL
BZN,EWR
DFW,SFO
SFO,IND
ORD,FAT
ONT,SFO
IAD,SMF
IAH,HNL
HNL,IAH
IAD,PDX
MCI,SFO
MCI,IAD
ORD,HNL
HNL,ORD
ORD,MIA
GRR,ORD
ORD,OGG
HNL,GUM
GUM,HNL
GUM,SPN
SPN,GUM
DEN,EUG
ORD,MYR
IAH,SJC
MFR,SFO
TPA,SFO
MYR,EWR
ORD,GEG
ORD,RNO
SJU,IAD
IAD,SJU
ORD,SJU
DSM,ORD
PWM,EWR
IAD,PHX
DEN,BUR
SMF,EWR
IAD,CLE
DEN,FAI
IAH,OMA
FAI,DEN
ORD,STL
FAI,SFO
GNV,MIA
DFW,SJT
SJT,DFW
CMH,MIA
MIA,CMH
DFW,JLN
JLN,DFW
HSV,ORD
DFW,SGF
SGF,DFW
BHM,MIA
MIA,BHM
MIA,TLH
TLH,MIA
DFW,GGG
GGG,DFW
ORF,JFK
AEX,DFW
MEM,DFW
DFW,SUX
SUX,DFW
CMI,ORD
ORD,CMI
CHO,CLT
CMH,CLT
CLT,SGF
SGF,CLT
DFW,EYW
EYW,DFW
DFW,SHV
SHV,DFW
LGA,CLE
TVC,ORD
DFW,SPI
LGA,ORF
SUX,ORD
DFW,XNA
XNA,DFW
GSO,DFW
DFW,MSO
MSO,DFW
ORD,MQT
LEX,DFW
ORD,AVP
ORD,SGF
MLI,ORD
ORD,MLI
ABI,DFW
DFW,ABI
DFW,GRK
GRK,DFW
DFW,CHA
CHA,DFW
ORD,DBQ
COU,ORD
ORD,COU
GRI,DFW
CLT,FAY
FAY,CLT
GRB,ORD
ORD,GRB
ORD,FSD
DFW,TVC
ORD,GSO
ORD,RST
RST,ORD
CLL,DFW
DFW,CLL
DFW,TXK
TXK,DFW
RIC,MIA
MIA,CHS
DFW,LIT
SPI,DFW
MQT,ORD
BNA,JFK
DFW,LCH
GSP,ORD
ORD,GSP
DFW,GNV
GNV,DFW
DFW,HRL
HRL,DFW
DFW,GCK
MIA,RIC
FSD,ORD
CLT,GSO
LIT,DFW
ORD,LEX
LGA,MEM
DFW,LFT
LFT,DFW
LSE,ORD
ORD,LSE
SCE,ORD
ORD,SCE
ILM,DFW
DFW,MHK
MHK,DFW
DAY,ORD
ORD,DAY
AUS,SJC
AUS,SMF
AUS,STL
BDL,BWI
BDL,MDW
BDL,STL
BHM,BWI
BHM,DAL
BHM,HOU
BHM,LAS
BHM,MDW
BHM,TPA
BNA,AUS
BNA,BUR
BNA,BWI
BNA,CHS
BNA,CLE
BNA,CMH
BNA,DAL
BNA,DCA
BNA,ECP
BNA,HOU
BNA,JAX
BNA,MCI
BNA,MDW
BNA,MKE
BNA,MSY
BNA,OAK
BNA,PHX
BNA,PIT
BNA,PNS
BNA,RDU
BNA,SAN
BNA,SAT
BNA,SJC
BNA,STL
BNA,TPA
BOI,GEG
BOI,LAS
BOI,OAK
BOI,PHX
BOI,SAN
BOI,SJC
BOI,SMF
BOS,DAL
BOS,MDW
BOS,MKE
BOS,STL
BUF,BWI
BUF,LAS
BUF,MDW
BUF,PHX
BUR,BNA
BUR,DAL
BUR,HOU
BUR,LAS
BUR,MDW
BUR,OAK
BUR,PHX
BUR,SFO
BUR,SJC
BUR,SLC
BUR,SMF
BWI,ABQ
BWI,ALB
BWI,AUS
BWI,BDL
BWI,BHM
BWI,BNA
BWI,BUF
BWI,CHS
BWI,CLE
BWI,CLT
BWI,CMH
BWI,DAL
BWI,ECP
BWI,FLL
BWI,GRR
BWI,HOU
BWI,IND
BWI,ISP
BWI,JAX
BWI,LAS
BWI,MCI
BWI,MDW
BWI,MEM
BWI,MHT
BWI,MKE
BWI,MSY
BWI,OAK
BWI,OKC
BWI,ORF
BWI,PBI
BWI,PHX
BWI,PIT
BWI,PVD
BWI,PWM
BWI,ROC
BWI,RSW
BWI,SAT
BWI,SDF
BWI,SJC
BWI,SJU
BWI,SMF
BWI,STL
BWI,TPA
CHS,BNA
CHS,BWI
CHS,DAL
CHS,HOU
CHS,MDW
CLE,BNA
CLE,BWI
CLE,MDW
DAL,MSY
DAL,OAK
DAL,OKC
DAL,OMA
DAL,ONT
DAL,PDX
DAL,PHL
DAL,PHX
DAL,PIT
DAL,PNS
DAL,RDU
DAL,SAN
DAL,SAT
DAL,SDF
DAL,SFO
DAL,SJC
DAL,SLC
DAL,SMF
DAL,SNA
DAL,STL
DAL,TPA
DAL,TUL
DCA,AUS
DCA,BNA
DCA,CMH
DCA,DAL
DCA,HOU
DCA,MCI
DCA,MDW
DCA,MKE
DCA,MSY
DCA,PVD
DCA,STL
DCA,TPA
DEN,DAL
DEN,HOU
DEN,LBB
DEN,LGB
DEN,MDW
DEN,OAK
DEN,TUS
DSM,LAS
DSM,STL
DTW,DAL
DTW,MDW
DTW,STL
ECP,BNA
ECP,BWI
ECP,DAL
ECP,HOU
ECP,STL
ELP,AUS
ELP,DAL
ELP,HOU
ELP,LAS
ELP,LAX
ELP,PHX
ELP,SAN
ELP,SAT
EWR,MDW
FLL,BWI
FLL,CMH
FLL,DAL
FLL,HOU
FLL,IND
FLL,MCI
FLL,MCO
FLL,MDW
FLL,PIT
FLL,SAT
FLL,STL
FLL,TPA
GEG,BOI
GEG,OAK
GEG,PHX
GEG,SAN
GEG,SJC
GEG,SMF
GRR,BWI
GRR,MDW
HNL,KOA
HNL,OGG
HOU,ABQ
HOU,AUS
HOU,BHM
HOU,BNA
HOU,BUR
HOU,BWI
HOU,CHS
HOU,CLT
HOU,CMH
HOU,CRP
HOU,DAL
HOU,DCA
HOU,DEN
HOU,ECP
HOU,ELP
HOU,FLL
HOU,HRL
HOU,IND
HOU,JAX
HOU,LAS
HOU,LAX
HOU,LGA
HOU,MAF
HOU,MCI
HOU,MCO
HOU,MDW
HOU,MEM
HOU,MKE
HOU,MSY
HOU,OAK
HOU,OKC
HOU,OMA
HOU,PDX
HOU,PHL
HOU,PHX
HOU,PIT
HOU,PNS
HOU,RDU
HOU,SAN
HOU,SAT
HOU,SDF
HOU,SEA
HOU,SJC
HOU,SNA
HOU,STL
HOU,TPA
HOU,TUL
HRL,AUS
HRL,HOU
ICT,LAS
ICT,PHX
ICT,STL
IND,BWI
IND,DAL
IND,FLL
IND,HOU
IND,MCI
IND,MDW
IND,PHX
IND,SAN
IND,TPA
ISP,BWI
JAX,BNA
JAX,BWI
JAX,DAL
JAX,HOU
JAX,MDW
KOA,HNL
LAS,ABQ
LAS,AMA
LAS,BOI
LAS,BUF
LAS,BUR
LAS,BWI
LAS,CMH
LAS,DAL
LAS,DSM
LAS,ELP
LAS,HOU
LAS,ICT
LAS,LBB
LAS,LIT
LAS,MAF
LAS,MCI
LAS,MDW
LAS,MSY
LAS,OAK
LAS,OKC
LAS,ONT
LAS,RNO
LAS,SDF
LAS,SNA
LAS,TUL
LAS,TUS
LAX,ABQ
LAX,DAL
LAX,ELP
LAX,HOU
LAX,MDW
LAX,MKE
LAX,OAK
LAX,PHX
LAX,RNO
LAX,SAT
LAX,STL
LAX,TUS
LBB,AUS
LBB,DAL
LBB,DEN
LBB,LAS
LGA,DAL
LGA,HOU
LGA,MDW
LGA,MKE
LGB,DEN
LIT,DAL
LIT,LAS
LIT,PHX
LIT,STL
MAF,DAL
MAF,HOU
MAF,LAS
MCI,ABQ
MCI,AUS
MCI,BNA
MCI,BWI
MCI,DAL
MCI,DCA
MCI,FLL
MCI,HOU
MCI,IND
MCI,LAS
MCI,MCO
MCI,MDW
MCI,MKE
MCI,MSY
MCI,OAK
MCI,PDX
MCI,PHX
MCI,RDU
MCI,SAN
MCI,SAT
MCI,STL
MCI,TPA
MCO,DAL
MCO,FLL
MCO,HOU
MCO,MCI
MCO,MDW
MCO,MHT
MCO,PHX
MCO,PIT
MCO,ROC
MCO,SDF
MDW,ABQ
MDW,ALB
MDW,AUS
MDW,BDL
MDW,BHM
MDW,BNA
MDW,BOS
MDW,BUF
MDW,BUR
MDW,BWI
MDW,CHS
MDW,CLE
MDW,CLT
MDW,CMH
MDW,CVG
MDW,DAL
MDW,DCA
MDW,DEN
MDW,DTW
MDW,EWR
MDW,FLL
MDW,GRR
MDW,HOU
MDW,IND
MDW,JAX
MDW,LAS
MDW,LAX
MDW,LGA
MDW,MCI
MDW,MCO
MDW,MEM
MDW,MHT
MDW,MSP
MDW,MSY
MDW,OAK
MDW,OKC
MDW,OMA
MDW,ONT
MDW,ORF
MDW,PHL
MDW,PHX
MDW,PIT
MDW,PVD
MDW,RDU
MDW,RNO
MDW,RSW
MDW,SAN
MDW,SAT
MDW,SDF
MDW,SEA
MDW,SFO
MDW,SJC
MDW,SLC
MDW,SMF
MDW,STL
MDW,TPA
MDW,TUS
MEM,BWI
MEM,DAL
MEM,HOU
MEM,MDW
MEM,TPA
MHT,BWI
MHT,MCO
MHT,MDW
MHT,TPA
MKE,BNA
MKE,BOS
MKE,BWI
MKE,CLE
MKE,DAL
MKE,DCA
MKE,HOU
MKE,LAX
MKE,LGA
MKE,MCI
MKE,PHX
MKE,SFO
MKE,STL
MSP,DAL
MSP,MDW
MSP,OAK
MSY,BNA
MSY,BWI
MSY,DAL
MSY,HOU
MSY,LAS
MSY,MCI
MSY,MDW
MSY,OAK
MSY,PHX
MSY,SAN
MSY,STL
MSY,TPA
PHX,LAX
PHX,LIT
PHX,MCI
PHX,MCO
PHX,MDW
PHX,MKE
PHX,MSY
PHX,OAK
PHX,OKC
PHX,OMA
PHX,ONT
PHX,PHL
PHX,PIT
PHX,RDU
PHX,RNO
PHX,SAN
PHX,SAT
PHX,SDF
PHX,SNA
PHX,STL
PHX,TPA
PHX,TUL
PIT,BNA
PIT,BWI
PIT,DAL
PIT,FLL
PIT,HOU
PIT,MCO
PIT,MDW
PIT,PHX
PIT,RSW
PIT,STL
PIT,TPA
PNS,BNA
PNS,DAL
PNS,HOU
PVD,BWI
PVD,DCA
PVD,MDW
PVD,TPA
PWM,BWI
RDU,BNA
RDU,DAL
RDU,HOU
RDU,MCI
RDU,MDW
RDU,PHX
RDU,STL
RNO,LAS
RNO,LAX
RNO,MDW
RNO,OAK
RNO,PHX
RNO,SAN
RNO,SJC
ROC,BWI
ROC,MCO
RSW,BWI
RSW,MDW
RSW,PIT
RSW,STL
SAN,ABQ
SAN,BNA
SAN,BOI
SAN,DAL
SAN,ELP
SAN,GEG
SAN,HOU
SAN,IND
SAN,MCI
SAN,MDW
SAN,MSY
SAN,OAK
SAN,OMA
SAN,PHX
SAN,RNO
SAN,STL
SAN,TUS
SAT,BNA
SAT,BWI
SAT,DAL
SAT,ELP
SAT,FLL
SAT,HOU
SAT,LAX
SAT,MCI
SAT,MDW
SAT,OAK
SAT,STL
SAT,TPA
SDF,BWI
SDF,DAL
SDF,HOU
SDF,LAS
SDF,MCO
SDF,MDW
SDF,PHX
SDF,TPA
SEA,HOU
SEA,MDW
SFO,BUR
SFO,DAL
SFO,MDW
SFO,MKE
SJC,AUS
SJC,BNA
SJC,BOI
SJC,BUR
SJC,BWI
SJC,DAL
SJC,GEG
SJC,HOU
SJC,MDW
SJC,ONT
SJC,RNO
SJC,SNA
SJC,STL
SJC,TUS
SJU,BWI
SLC,BUR
SLC,DAL
SLC,MDW
SMF,AUS
SMF,BOI
SMF,BUR
SMF,BWI
SMF,DAL
SMF,GEG
SMF,MDW
SMF,ONT
SMF,PDX
SMF,PHX
SMF,SNA
SMF,STL
SNA,DAL
SNA,HOU
SNA,LAS
SNA,OAK
SNA,PHX
SNA,SJC
SNA,SMF
STL,AUS
STL,BDL
STL,BNA
STL,BOS
STL,BWI
STL,CLE
STL,CMH
STL,DAL
STL,DCA
STL,DSM
STL,DTW
STL,ECP
STL,FLL
STL,HOU
STL,ICT
STL,LAX
STL,LIT
STL,MCI
STL,MDW
STL,MKE
STL,MSY
STL,OAK
STL,OKC
STL,OMA
STL,PDX
STL,PHL
STL,PHX
STL,PIT
STL,RDU
STL,RSW
STL,SAN
STL,SAT
STL,SJC
STL,SMF
STL,TPA
STL,TUL
TPA,ALB
TPA,BHM
TPA,BNA
TPA,BWI
TPA,CMH
TPA,DAL
TPA,FLL
TPA,HOU
TPA,IND
TPA,MCI
TPA,MDW
TPA,MEM
TPA,MHT
TPA,MSY
TPA,PHX
TPA,PIT
TPA,PVD
TPA,SAT
TPA,SDF
TPA,STL
TUL,DAL
TUL,HOU
TUL,LAS
TUL,PHX
TUL,STL
TUS,DEN
TUS,LAS
TUS,LAX
TUS,MDW
TUS,SAN
TUS,SJC
ABQ,AUS
ABQ,BWI
ABQ,DAL
ABQ,HOU
ABQ,LAS
ABQ,LAX
ABQ,MCI
ABQ,MCO
ABQ,MDW
ABQ,OAK
ABQ,PHX
ABQ,SAN
ALB,BWI
ALB,MDW
ALB,TPA
AMA,DAL
AMA,LAS
AUS,ABQ
AUS,BNA
AUS,BWI
AUS,DAL
AUS,DCA
AUS,ECP
AUS,ELP
AUS,HOU
AUS,HRL
AUS,LBB
AUS,MCI
AUS,MDW
AUS,OAK
AUS,PNS
BNA,ORF
BOI,DAL
CHS,STL
CLE,STL
CLT,BWI
CLT,DAL
CLT,HOU
CLT,MDW
CMH,BNA
CMH,BWI
CMH,DAL
CMH,DCA
CMH,FLL
CMH,HOU
CMH,LAS
CMH,MDW
CMH,PHX
CMH,STL
CMH,TPA
CRP,HOU
CVG,MDW
DAL,ABQ
DAL,AMA
DAL,AUS
DAL,BHM
DAL,BNA
DAL,BOI
DAL,BOS
DAL,BUR
DAL,BWI
DAL,CHS
DAL,CLT
DAL,CMH
DAL,DCA
DAL,DEN
DAL,DTW
DAL,ECP
DAL,ELP
DAL,FLL
DAL,HOU
DAL,IND
DAL,JAX
DAL,LAS
DAL,LAX
DAL,LBB
DAL,LGA
DAL,LIT
DAL,MAF
DAL,MCI
DAL,MCO
DAL,MDW
DAL,MEM
DAL,MKE
DAL,MSP
DAL,RNO
DEN,ECP
ECP,AUS
ECP,DEN
ECP,MCI
ECP,MDW
HOU,SJU
HOU,SLC
LAS,PIT
MCI,ECP
MCI,PNS
MCI,RSW
MCO,ABQ
MCO,OMA
MDW,ECP
MDW,PNS
MDW,PWM
MDW,SJU
MKE,SAN
OAK,ABQ
OAK,AUS
OAK,BNA
OAK,BOI
OAK,BUR
OAK,BWI
OAK,DAL
OAK,DEN
OAK,GEG
OAK,HOU
OAK,LAS
OAK,LAX
OAK,MCI
OAK,MDW
OAK,MSY
OAK,ONT
OAK,PDX
OAK,PHX
OAK,RNO
OAK,SAN
OAK,SAT
OAK,SNA
OAK,STL
OGG,HNL
OKC,BWI
OKC,DAL
OKC,HOU
OKC,LAS
OKC,MDW
OKC,PHX
OKC,STL
OMA,DAL
OMA,HOU
OMA,MCO
OMA,MDW
OMA,PHX
OMA,SAN
OMA,STL
ONT,DAL
ONT,LAS
ONT,MDW
ONT,OAK
ONT,PDX
ONT,PHX
ONT,SJC
ONT,SMF
ORF,BNA
ORF,BWI
ORF,MDW
PBI,BWI
PDX,DAL
PDX,HOU
PDX,MCI
PDX,OAK
PDX,ONT
PDX,SMF
PDX,STL
PHL,DAL
PHL,HOU
PHL,MDW
PHL,PHX
PHL,STL
PHX,ABQ
PHX,AUS
PHX,BNA
PHX,BUF
PHX,BUR
PHX,BWI
PHX,CMH
PHX,DAL
PHX,ELP
PHX,GEG
PHX,HOU
PHX,ICT
PHX,IND
PIT,LAS
PNS,AUS
PNS,MCI
PNS,MDW
PNS,STL
PWM,MDW
RNO,DAL
ROC,TPA
RSW,MCI
OAK,CMH
OAK,MSP
SJU,HOU
SJU,MDW
SLC,HOU
STL,CHS
STL,PNS
TPA,ROC
ABQ,SJC
AUS,IND
BNA,OKC
BNA,OMA
CLE,MKE
CMH,OAK
ELP,SJC
HOU,LBB
HOU,SMF
IND,AUS
IND,MSY
LBB,HOU
MSY,IND
MSY,SJC
OKC,BNA
OMA,BNA
ORF,SAN
RDU,SJC
OGG,DFW
DFW,OGG
DFW,HNL
MSY,DFW
BDL,MIA
DFW,STL
STL,DFW
MIA,DCA
SJC,DFW
JAC,LGA
LGA,JAC
DFW,ICT
ICT,DFW
PHX,MEM
DFW,IND
IND,DFW
ABQ,DFW
DFW,ABQ
DFW,SAV
DFW,BUF
MIA,PHX
MIA,BOS
DFW,KOA
KOA,DFW
DFW,SAT
MCO,MIA
DFW,TUL
DFW,JAX
JAX,DFW
BWI,MIA
MIA,BWI
MIA,LAX
SJU,MIA
PHL,PIT
DCA,MIA
DFW,GEG
MIA,SEA
CLT,PHX
DFW,SAN
SAN,DFW
CLT,LAX
DFW,ORF
ORF,DFW
PHX,DFW
LAX,MIA
CLT,MIA
SFO,MIA
DFW,RDU
DFW,SJC
DFW,OMA
OMA,DFW
ORD,CMX
ORD,EAU
DEN,ATY
ATY,DEN
ORD,SPI
CGI,PAH
PAH,ORD
DEN,PIR
PIR,ATY
DEN,HYS
HYS,SLN
SPI,ORD
PRC,DEN
DEN,PRC
PRC,LAX
LAX,PRC
DEN,LAR
IAD,OGS
GCC,DEN
LBF,DEN
DEN,LBF
SFO,MRY
LAX,EUG
COS,IAH
ASE,LAX
DEN,SHV
AMA,IAH
IAH,JAN
BFL,SFO
ASE,DEN
LAN,ORD
BOI,LAX
FAR,ORD
MKE,ORD
IAH,LBB
DEN,RAP
CPR,DEN
SFO,SBA
SFO,GEG
SGF,IAH
SHV,DEN
SBA,SFO
GTF,ORD
SFO,BFL
SAV,IAD
RDM,SFO
ORD,BIL
ABQ,ORD
BOI,ORD
ACV,SFO
BFL,DEN
SFO,MSO
FAT,SFO
RIC,DEN
SFO,XNA
COS,ORD
DEN,CPR
MKE,IAH
SFO,FAT
IAH,AMA
JAN,IAH
IAH,COS
ORD,LIT
SAT,SFO
LAX,MRY
MRY,SFO
LAX,COS
ORD,FNT
PSP,LAX
SFO,BOI
SBN,ORD
FAT,LAX
SFO,SAT
ACV,LAX
IDA,DEN
LAX,SUN
DEN,ASE
IAH,SGF
ABQ,SFO
IAH,MKE
BOI,SFO
COS,LAX
LAX,ACV
PSC,SFO
RAP,DEN
SBA,LAX
ORD,OKC
SFO,TUS
RDD,SFO
LAX,MFR
JAC,SFO
DEN,SBP
LAX,PSP
DEN,RIC
MTJ,DEN
SFO,SUN
OKC,SFO
BZN,LAX
SFO,JAC
DEN,EGE
SUN,SFO
TYS,ORD
MSO,LAX
DEN,PSC
SFO,ABQ
LAX,ASE
DEN,PAE
ORD,RDM
IAH,TUS
DEN,MTJ
DEN,PSP
SFO,SMF
TUS,IAH
ASE,IAH
SMF,SFO
LAX,SBA
DEN,HDN
LAX,RDM
LAX,SBP
SFO,PSC
ORD,ABQ
MRY,LAX
TUS,SFO
PSP,DEN
OTH,SFO
SFO,RDM
SFO,ACV
XNA,SFO
SUN,LAX
MFR,LAX
ORD,SBN
FCA,SFO
JAC,LAX
LAX,FAT
OKC,ORD
DEN,MOT
SFO,OKC
LAX,JAC
LAX,MMH
GEG,SFO
GSP,IAH
RDM,LAX
LNK,DEN
SFO,FCA
ICT,IAH
MOT,DEN
SBP,LAX
ORD,LNK
SBP,SFO
PAE,DEN
EUG,ORD
IAH,GSP
ORD,MKE
SBP,DEN
SFO,OTH
ORD,BOI
SFO,SBP
RDM,ORD
ORD,COS
IAD,JAX
SFO,STS
IAH,HSV
DEN,SUN
EUG,LAX
STS,SFO
PAE,SFO
LAX,RDD
RDD,LAX
SFO,RDD
SUN,DEN
BIL,ORD
ORD,ASE
DEN,BFL
MSN,SFO
HDN,DEN
STS,DEN
DEN,STS
ASE,ORD
SHV,IAH
ASE,SFO
MSO,SFO
DEN,IDA
LAX,BOI
EGE,DEN
ORD,PVD
PVD,ORD
FNT,ORD
LAX,MSO
SFO,PAE
IAH,ASE
LAX,MSN
LIT,ORD
SFO,MSN
PSC,DEN
LAX,PSC
ORD,LAN
IAH,SHV
ORD,GTF
MMH,LAX
ORD,FAR
MSN,LAX
ORD,EUG
PNS,IAH
DEN,ACV
ACV,DEN
PSC,LAX
SFO,ASE
GTF,SLC
LWS,SLC
SLC,LWS
PIH,SLC
SLC,PIH
MQT,MSP
ABR,MSP
MSP,ABR
GJT,SLC
APN,DTW
DTW,APN
PLN,DTW
BJI,MSP
MSP,BJI
SLC,CPR
BRD,MSP
MSP,BRD
BTM,SLC
SLC,BTM
CDC,SLC
SLC,CDC
DTW,SCE
CIU,MSP
CPR,SLC
MSP,CIU
EKO,SLC
IMT,DTW
MSP,MQT
SLC,EKO
SLC,GJT
DTW,ITH
TWF,SLC
HIB,MSP
MSP,HIB
BGM,DTW
DTW,BGM
DTW,ESC
ESC,DTW
SLC,TWF
DTW,MQT
MQT,DTW
DTW,PLN
PLN,APN
CIU,DTW
DTW,CIU
SLC,GTF
RHI,MSP
MSP,RHI
IMT,MSP
FWA,DTW
ITH,DTW
LSE,MSP
INL,MSP
MSP,INL
MLI,MSP
MLI,DTW
MSP,IMT
DFW,DSM
DFW,FLG
FLG,DFW
FLG,PHX
PHX,FLG
PHX,GJT
YUM,PHX
FAT,PHX
PHX,ROW
ROW,PHX
DFW,LAW
PHX,RDM
GJT,PHX
PHX,YUM
LRD,DFW
PHX,BFL
DFW,LRD
BNA,DFW
ASE,PHX
ORD,FWA
BFL,PHX
DFW,TYS
JAC,PHX
PHX,JAC
RDM,PHX
PHX,SBP
SBP,PHX
PHX,FAT
EUG,PHX
PHX,SAF
SAF,PHX
BGR,ORD
ORD,BGR
DFW,YUM
SGF,ORD
PHX,PSP
SLC,TUL
IDA,SLC
DTW,LAN
LAN,DTW
BHM,DTW
DTW,BHM
MSP,SDF
SDF,MSP
SBN,ATL
DLH,MSP
MSP,DLH
DTW,IAD
IAD,DTW
ATL,VLD
AZO,MSP
MSP,AZO
RIC,DTW
ICT,MSP
MSP,ICT
MSP,LNK
GNV,ATL
LNK,MSP
MSP,OKC
OKC,MSP
BQK,ATL
OKC,SLC
SLC,OKC
RST,MSP
LGA,CHS
DTW,BUF
SLC,SUN
SLC,OMA
VLD,ATL
MSP,CID
SLC,EUG
ATL,FSM
LGA,BHM
ATL,PIA
PIA,ATL
DAY,DTW
DTW,DAY
DTW,ERI
DHN,ATL
HLN,SLC
SLC,HLN
ATL,FWA
MSP,GFK
OMA,LGA
CID,MSP
MSP,GRB
DTW,SBN
SBN,DTW
JFK,BNA
AZO,DTW
DTW,AZO
MSP,RIC
ISN,MSP
OMA,MSP
MSP,ISN
DTW,MDT
MDT,DTW
LGA,CAE
TUL,MSP
ATL,MGM
MGM,ATL
DTW,HSV
CLE,JFK
ATL,ROA
ROA,ATL
AVP,DTW
MSP,OMA
ATL,GTR
GTR,ATL
PSP,SLC
DTW,RIC
LGA,MSN
ATL,MLU
MLU,ATL
DAY,MSP
MSP,DAY
ATL,DHN
FWA,MSP
SBN,MSP
MSN,LGA
CHS,LGA
DTW,GRB
GRB,DTW
DSM,LGA
SLC,RAP
SLC,ASE
SAV,DTW
GFK,MSP
DTW,SAV
ABY,ATL
ATL,ABY
FWA,ATL
DTW,AVP
ATL,BQK
MSP,CHS
MSP,PSC
PSC,MSP
CAE,LGA
OMA,DTW
CHS,DTW
DTW,CHS
ATW,DTW
DTW,ATW
GRB,MSP
RAP,SLC
LGA,OMA
MSP,LAN
LGA,SYR
OMA,SLC
SLC,PSP
SYR,LGA
SLC,IDA
DTW,OMA
MSP,RST
COD,SLC
SLC,COD
DTW,FWA
DTW,IMT
MSP,LSE
DTW,LSE
LSE,DTW
ABE,DTW
DTW,ABE
SLC,WYS
WYS,SLC
COS,SLC
SLC,COS
DTW,SWF
SWF,DTW
DTW,MLI
MSP,MLI
SCE,DTW
MSP,HLN
OKC,DTW
HLN,MSP
DSM,SLC
SLC,DSM
DTW,OKC
TUS,SLC
SLC,TUS
MSN,SLC
SLC,MSN
CHA,DTW
FAT,SLC
SLC,FAT
SUN,SLC
MSP,SBN
HSV,DTW
MSP,TUL
RIC,MSP
TUL,SLC
MSP,FWA
DTW,CHA
MSP,PIA
EAR,DEN
PBG,IAD
DVL,JMS
JMS,DEN
CNY,DEN
EAU,ORD
FWA,ORD
ORD,MKG
ORD,SHD
SHD,ORD
MKG,ORD
ORD,UIN
CKB,ORD
MBS,ORD
DEN,LBL
IAD,CKB
RKS,DEN
DEN,PUB
PUB,LBL
AVL,ORD
CMX,ORD
DEN,EAR
DEN,RKS
ORD,CGI
PUB,DEN
ORD,CKB
CKB,IAD
ORD,PAH
PAH,CGI
UIN,ORD
IAD,PBG
DEN,VEL
VEL,DEN
LWB,ORD
ORD,AVL
LBL,DEN
BFF,DEN
DEN,CNY
ORD,LWB
ORD,MBS
IAD,LWB
IAD,SHD
DEN,JMS
DVL,DEN
JMS,DVL
LWB,IAD
SHD,IAD
HYS,DEN
ORD,SLN
SLN,HYS
DEN,GCC
OGS,ORD
DEN,BFF
LAR,DEN
PIR,DEN
SLN,ORD
ATY,PIR
OGS,IAD
ORD,OGS
IAH,BHM
DEN,LNK
ORD,XNA
BHM,IAH
LCH,IAH
SGF,DEN
LAX,RAP
DEN,SGF
OTH,DEN
XNA,ORD
ROC,IAD
DEN,GTF
MTJ,ORD
DEN,OTH
DEN,MRY
RAP,LAX
SFO,RAP
HSV,IAH
RAP,SFO
GTF,DEN
IAD,ROC
ORD,SDF
PHX,TUS
TUS,PHX
DFW,HOU
HOU,DFW
MFR,PHX
ASE,DFW
PSP,PHX
TYS,DFW
LAW,DFW
CHO,ORD
ORD,CHO
MEI,ORD
PIB,MEI
ORD,ICT
CYS,DFW
DFW,CYS
DFW,PIB
DFW,MEI
MEI,DFW
MEI,PIB
ORD,MEI
PIB,DFW
DSM,DFW
PHX,EUG
DFW,SAF
SAF,DFW
FWA,DFW
DFW,SBN
BTR,DFW
DFW,BTR
PHX,ASE
DFW,COU
COU,DFW
MTJ,DFW
DFW,MTJ
AGS,DFW
DFW,AGS
YUM,DFW
ORD,MHT
DFW,ROW
ROW,DFW
MHT,ORD
DFW,FWA
SBN,DFW
HPN,ORD
ORD,HPN
DFW,ASE
PHX,MFR
STS,LAX
BOI,PDX
RNO,PDX
SEA,FAT
PDX,RNO
LAX,STS
PDX,BOI
STS,PDX
STS,SAN
OMA,PDX
PDX,OMA
PDX,ABQ
ABQ,PDX
SAN,MRY
SAN,FAT
PDX,STS
PDX,FAT
FAT,PDX
FAT,SAN
SAN,STS
MRY,SAN
FAT,SEA
ATL,SBN
BHM,LGA
ASE,SLC
SAV,LGA
FSM,ATL
LGA,SAV
DTW,ORF
ORF,DTW
DTW,SYR
SYR,DTW
ERI,DTW
DTW,LIT
EUG,SLC
EUG,SEA
SEA,EUG
LAN,MSP
LIT,DTW
CHS,MSP
APN,PLN
PIA,MSP
CGI,ORD
LBL,PUB
MRY,DEN
DFW,BNA
ORD,BIS
ORD,DRO
DRO,ORD
PHX,SBA
SBA,PHX
DRO,LAX
LAX,DRO
ECP,ORD
ORD,ECP
IDA,MSP
MSP,IDA
JAC,SEA
SEA,JAC
DAY,PHL
GSP,PHL
PHL,GSP
DCA,CRW
TYS,DCA
CLT,SDF
SDF,CLT
PHL,DAY
CLT,GSP
GSP,CLT
CLT,BHM
ALB,CLT
CLT,ALB
CLT,MEM
MDT,CLT
MEM,CLT
DCA,JAN
CLT,HTS
HTS,CLT
CLT,JAX
GSP,DCA
AVP,CLT
CHA,CLT
CLT,TOL
TOL,CLT
CLT,IAD
IAD,CLT
CLT,FWA
DCA,ILM
ILM,DCA
DCA,DAY
CLT,MYR
MYR,CLT
AVL,CLT
CLT,AVL
CLT,ORF
ORF,CLT
DAY,CLT
CLT,MDT
GSO,CLT
CLT,RAP
RAP,CLT
CLT,CMH
CHS,CLT
DAY,DCA
CLT,MKE
CLT,RDU
MKE,CLT
CLT,CHS
PVD,PHL
CLT,GNV
GNV,CLT
PHL,PVD
DCA,PIT
DCA,MHT
MHT,CLT
CLT,SRQ
SRQ,CLT
DCA,TYS
CLT,XNA
IAD,RIC
CHS,IAH
CVG,IAD
IAD,SYR
CHS,IAD
BOI,IAH
IAD,BUF
PIT,IAD
PVD,IAD
LBB,IAH
IAH,LIT
GUC,IAH
IAD,IND
RNO,IAH
HRL,IAH
BUF,IAD
SAV,IAH
IAD,PIT
BTV,IAD
RIC,IAD
IAD,CVG
IAD,BTV
IAD,PVD
IAD,PWM
ORF,IAH
HSV,IAD
HHH,IAD
LGA,IAD
IAD,CHS
IAD,HHH
IAH,ECP
BRO,IAH
BZN,IAH
CRP,IAH
IAH,CAK
SYR,IAD
IAH,RIC
CAK,IAH
IAD,SAV
IAH,MTJ
MTJ,IAH
PWM,IAD
IAH,CRP
DSM,IAH
ECP,IAH
IAH,BTR
IAH,DSM
CMH,IAD
IAD,ALB
IAH,ORF
IND,IAD
GSP,IAD
LIT,IAH
IAD,GSP
ALB,IAD
VPS,IAH
IAD,HSV
IAH,PNS
IAH,BDL
IAD,TVC
TVC,IAD
IAD,CMH
IAH,SAV
IAH,VPS
IAH,BRO
RAP,IAH
IAH,DAY
DAY,IAH
JAX,IAD
ELP,IAH
MOB,IAH
RIC,IAH
BTR,IAH
IAH,BZN
IAH,MOB
IAD,LGA
IAH,ELP
OKC,IAD
BDL,IAH
IAD,OKC
IAH,GUC
DAY,IAD
IAH,HRL
IAD,DAY
IAH,BOI
IAH,RNO
IAH,CHS
IAH,ONT
ONT,IAH
RIC,EWR
IAH,GPT
IAH,MLU
IAH,LRD
LRD,IAH
EWR,BUF
IAH,TYS
EWR,RIC
EWR,PVD
HOB,IAH
CLL,IAH
LNK,ORD
EWR,ORF
ORD,PIA
IAH,LCH
ORF,EWR
EWR,GSP
CLE,DCA
ORD,ROA
ORD,ABE
BGR,EWR
PIA,ORD
ROA,ORD
JAX,EWR
IAH,GRK
MLU,IAH
PVD,EWR
AEX,IAH
GSP,EWR
EWR,GSO
DCA,CLE
EWR,TYS
IAH,CLL
LEX,ORD
IAH,HOB
DAY,EWR
GPT,IAH
ACY,MYR
MCO,CAK
CAK,MCO
MCI,MYR
MYR,MCI
MYR,IAH
MYR,LBE
LBE,MYR
FLL,IAG
MCO,MYR
MYR,BWI
PIT,MYR
MYR,PIT
FLL,STX
STX,FLL
FLL,PBG
PBG,FLL
MCO,GSO
GSO,MCO
IND,MYR
BWI,MYR
MSY,CLE
CLE,MSY
IAG,FLL
LAX,PIT
PIT,LAX
BWI,DFW
JAC,IAH
IAH,JAC
MIA,SFO
MIA,MCO
COS,DFW
DFW,COS
DFW,RSW
RSW,DFW
DFW,FAT
DFW,ONT
ONT,DFW
BNA,MIA
BOI,DFW
DFW,BOI
MIA,BNA
BUR,DFW
DFW,BUR
PHL,DCA
DFW,PBI
PBI,DFW
DFW,AMA
AMA,DFW
DFW,LBB
LBB,DFW
DFW,MFE
DFW,VPS
MFE,DFW
DFW,GSO
CLT,TYS
TYS,CLT
DFW,CAE
DFW,OKC
OKC,DFW
RSW,CLT
IND,CLT
MIA,STL
STL,MIA
VPS,DFW
CLT,PWM
SFO,CLT
DFW,PNS
RIC,CLT
ORD,MTJ
BDL,CLT
DCA,HSV
CLT,PHF
PHF,CLT
CLT,LEX
LEX,CLT
SYR,DCA
CID,CLT
CLT,CID
ORF,PHL
PHL,ORF
CLT,CHA
CLT,TRI
TRI,CLT
PHL,BHM
BUF,CLT
CLT,BUF
HSV,CLT
TLH,DCA
AGS,CLT
GRR,CLT
CLT,PNS
PNS,CLT
HPN,CLT
CLT,ILM
ILM,CLT
DCA,ORF
CLT,JAN
JAN,CLT
DCA,RDU
ABE,CLT
CLT,AVP
CLT,ROC
ROC,CLT
CLT,SBN
SBN,CLT
CLT,DAY
CLE,CLT
PHL,ROC
ROC,PHL
CLT,VPS
VPS,CLT
CLT,GPT
GPT,CLT
PHL,CAK
CAE,CLT
CAE,DCA
DCA,CAE
CLT,TVC
DCA,GSP
TVC,CLT
CLT,HVN
HVN,CLT
DCA,HPN
DCA,VPS
VPS,DCA
DCA,SAV
SAV,DCA
OAJ,CLT
CAK,DCA
CLT,ECP
ECP,CLT
DCA,GSO
GSO,DCA
CLT,CAE
PHL,PHF
BDL,DCA
DCA,BDL
CLT,SYR
SYR,CLT
CLT,RIC
CLT,HPN
CRW,DCA
BTV,CLT
LYH,CLT
PHL,GRR
CLT,AGS
ORF,DCA
CLT,CAK
DAB,CLT
CLT,EWN
CLT,GRR
XNA,CLT
GRR,PHL
CLT,DSM
DSM,CLT
PIA,CLT
DCA,PNS
DTW,BTV
MSP,XNA
XNA,MSP
MSP,TYS
GRB,ATL
LEX,LGA
TUL,DFW
MIA,SJU
ANC,DFW
DFW,ANC
DFW,PIT
DCA,PHL
CLT,STL
AUS,DFW
DFW,RNO
RNO,DFW
PHX,OGG
DFW,SMF
SMF,DFW
CLT,SAN
SAN,CLT
DFW,CLT
DFW,JAC
JAC,DFW
SJU,CLT
MCO,PSM
PSM,MCO
BUR,BOS
BZN,LGB
LGB,BZN
EYW,MIA
MIA,EYW
LGA,XNA
DCA,HHH
HHH,DCA
CMH,PHL
MLB,PHL
PHL,MLB
PHL,CMH
HSV,DCA
PHL,BGR
DCA,MEM
CLT,OMA
OMA,CLT
OKC,PHL
PHL,OKC
IND,MIA
MIA,IND
MIA,MEM
BTV,DCA
DCA,BTV
CLT,PBI
PBI,CLT
PHL,IND
BGR,PHL
CLT,EYW
EYW,CLT
XNA,DCA
CLT,HHH
MHT,DCA
HHH,CLT
PHL,EYW
JAX,MIA
MIA,JAX
DCA,MLB
MLB,DCA
PHL,BUF
SYR,PHL
MEM,DCA
SDF,DCA
CLT,MSY
CLT,MCI
MIA,CLE
MCI,MIA
TYS,MIA
MIA,TYS
BOS,SRQ
SRQ,BOS
SNA,DFW
MKE,DFW
BOS,MIA
MIA,TPA
RDU,DFW
DFW,AUS
CHS,DFW
DFW,CHS
FAT,DFW
MSP,ORF
BIS,ORD
DEN,VPS
VPS,DEN
GJT,ORD
ORD,GJT
BHM,DFW
DFW,BHM
DRO,DFW
PHX,MAF
FSD,PHX
PHX,FSD
PHX,MRY
MRY,PHX
DFW,MOB
BMI,DFW
JAN,DFW
EVV,DFW
HSV,DFW
DFW,MLU
DFW,FSM
FSM,DFW
MLU,DFW
ECP,DFW
DFW,EVV
DFW,JAN
PNS,DFW
DFW,BRO
DFW,GPT
DFW,ELP
MLI,DFW
SBA,DFW
DRO,PHX
PHX,DRO
DFW,MSN
MSN,DFW
DFW,SDF
SDF,DFW
DFW,BFL
DFW,MGM
LBB,PHX
LGB,PHX
PHX,LGB
PHX,LBB
CRP,DFW
DFW,CRP
DFW,HSV
BRO,DFW
MOB,DFW
BIS,DFW
DFW,BIS
MGM,DFW
MTJ,PHX
PHX,MTJ
MAF,PHX
DFW,BMI
PIA,DFW
DFW,MAF
AVL,DFW
DFW,AVL
DFW,SBA
ELP,DFW
DFW,RAP
FSD,DFW
DFW,DRO
IAD,JFK
JFK,IAD
LGA,BGR
PIT,RDU
JFK,CVG
BTV,DTW
LGA,GSP
CLE,BDL
BTV,LGA
LGA,BTV
LGA,MHT
PHX,CLT
BUF,DFW
LAX,SDF
SEA,CLT
CLT,RSW
PHL,STT
STT,PHL
LAX,BDL
DCA,LAS
RDU,MIA
DFW,RIC
CAE,DFW
ORD,TUS
TUS,ORD
PIT,JFK
ACT,DFW
DFW,DRT
DRT,DFW
LCH,DFW
TVC,DFW
CLT,CMI
CMI,CLT
ORD,MSO
DFW,GSP
GSP,DFW
DFW,MRY
MRY,DFW
BIL,DFW
DFW,BIL
AVP,ORD
AZO,ORD
ORD,AZO
ORD,ALO
DFW,FCA
SAN,MKE
HNL,ITO
HNL,LIH
LIH,HNL
OGG,ITO
ITO,HNL
ITO,OGG
LIH,OGG
KOA,OGG
KOA,LIH
LIH,KOA
OGG,LIH
OGG,KOA
HNL,PPG
PPG,HNL
BUF,EWR
CVG,EWR
EWR,TVC
EWR,HHH
DRO,IAH
EWR,BGR
HHH,ORD
TVC,EWR
EWR,DAY
ORD,HHH
IAH,DRO
EWR,RAP
RAP,EWR
SYR,EWR
ORD,VPS
VPS,ORD
SPS,DFW
MIA,GNV
DFW,SWO
MHK,ORD
ORD,MHK
ORD,CAK
DFW,ACT
DFW,BPT
ATW,ORD
ORD,ATW
DFW,GRR
DFW,SPS
SWO,DFW
DAY,DFW
DFW,FAR
FAR,DFW
GSO,ORD
ORD,TOL
TOL,ORD
DCA,LIT
EWR,OAK
IND,OAK
LAS,BHM
LAX,OMA
MCO,OAK
MCO,SJC
MCO,SMF
MDW,PDX
OAK,EWR
OAK,IND
OAK,MCO
OMA,LAX
PDX,MDW
SAN,TPA
SJC,MCO
SMF,MCO
TPA,SAN
ACY,RSW
MSY,CMH
CMH,MSY
LEX,MSP
PDX,GEG
HPN,DCA
RDU,PIT
FWA,CLT
CLT,LYH
BTR,CLT
CLT,BTR
DCA,MGM
MGM,DCA
CLT,CHO
CAK,CLT
CLT,SAT
SAT,CLT
PHL,TYS
CLT,TLH
TLH,CLT
CLT,MGM
MGM,CLT
CLT,OAJ
BHM,CLT
EWN,CLT
BHM,PHL
DCA,CAK
CHA,DCA
DCA,CHA
CLT,PIA
CRW,CLT
PHL,CRW
CLT,ABE
CLT,DAB
BGR,DCA
DCA,BGR
DCA,GRR
GRR,DCA
CLT,TUL
TUL,CLT
PNS,DCA
CLT,OKC
OKC,CLT
DCA,SYR
PHL,CHA
JAN,DCA
CLT,CRW
CHA,PHL
CLT,MLB
MLB,CLT
SHV,CLT
DCA,ROC
ROC,DCA
BOS,ORF
GSP,LGA
MIA,RDU
IND,JFK
GSO,DTW
CVG,JFK
MBS,MSP
BGR,LGA
BDL,CLE
CVG,MCI
MCI,CVG
RIC,JFK
BGR,DTW
DTW,BGR
AVL,DTW
PHX,DSM
SMF,CLT
PWM,CLT
KOA,PHX
PHX,KOA
CLT,SMF
MIA,STX
STX,MIA
DFW,TPA
TPA,DFW
LAS,MIA
MIA,LAS
ANC,PHX
MIA,STT
STT,MIA
DFW,BWI
CLT,STT
STT,CLT
SAN,MIA
DCA,PHX
DFW,MKE
CMH,DFW
MIA,BDL
CLE,DFW
SJU,DFW
BDL,LAX
SAT,MIA
DFW,CLE
MEM,MIA
DFW,GRI
ORD,HSV
DFW,SBP
SBP,DFW
DFW,STS
STS,DFW
ORD,SUX
DFW,TLH
TLH,DFW
ORD,EVV
GPT,DFW
JFK,ORF
CVG,MIA
DBQ,ORD
DFW,AEX
CAK,ORD
JFK,PIT
CMI,DFW
DFW,TYR
TYR,DFW
MIA,CVG
BPT,DFW
BMI,ORD
ORD,BMI
DFW,DAY
DFW,LEX
CWA,ORD
MSO,ORD
SAN,ORF
SJC,ABQ
SJC,ELP
SJC,MSY
SJC,RDU
SMF,HOU
FLL,STT
ORD,OAK
STT,FLL
MYR,IAG
DCA,EYW
EYW,DCA
DCA,MYR
MYR,DCA
CLE,PHL
DCA,XNA
BWI,PHL
PHL,BWI
EYW,PHL
DCA,SRQ
SRQ,DCA
ALB,DCA
DCA,ALB
PHL,CLE
BUF,DCA
DCA,BUF
ACK,CLT
CLT,ACK
PHL,SRQ
SRQ,PHL
ALB,PHL
PHL,ALB
MIA,SAN
DFW,PSP
BDL,DFW
CLT,AUS
OGG,PHX
PHX,LIH
LIH,PHX
HNL,PHX
PHX,DCA
PHX,HNL
MSP,MBS
CRW,PHL
LIT,CLT
LGA,DAY
CAK,PHL
GSO,PHL
DAY,LGA
TYS,PHL
CLT,BTV
CLT,MHT
CLT,LIT
BHM,DCA
DCA,BHM
BGR,CLT
CLT,BGR
LGA,CAK
STL,CLT
CLT,HSV
CLT,SHV
DCA,TLH
CAK,LGA
PHL,GSO
MSN,CLT
DFW,ECP
DFW,FSD
DFW,MLI
RAP,DFW
DFW,PIA
PHX,STS
STS,PHX
MEM,PHX
BFL,DFW
IAH,AEX
GRK,IAH
ABE,ORD
GSO,EWR
EWR,ROC
TYS,EWR
AVL,EWR
CAK,EWR
EWR,AVL
DSM,PIE
MSY,PIT
SFB,SGF
ABE,SFB
SAN,BLI
VPS,HTS
JAX,PIT
AZA,OGD
SFB,AVL
FLL,USA
FCA,OAK
GRR,SRQ
LAS,AZA
PGD,CID
MDT,SFB
LAS,MSO
TYS,VPS
OKC,VPS
CVG,MYR
LAX,SGF
SDF,FLL
MFE,SFB
BLV,JAX
AVL,FLL
PIA,LAS
LEX,PGD
PIE,TYS
PGD,CVG
PGD,SBN
CVG,ORF
SFB,MFE
LAS,BZN
DSM,SFB
GSP,FLL
SYR,PIE
AZA,SGF
PVU,LAX
BNA,PIE
AZA,CID
SFB,ORF
GRR,PGD
SAV,BNA
LAS,FAT
VPS,OKC
IDA,AZA
MYR,BLV
PVU,AZA
PIE,IND
LAS,SBN
PIE,ABE
MCI,VPS
SFB,SBN
SAV,PVD
SFB,ROA
SRQ,BWI
PGD,MCI
AZA,BIL
SFB,TRI
BLV,SFB
ELP,SFB
VPS,SHV
ALB,SFB
PIE,SYR
HTS,MYR
BNA,RIC
IDA,LAS
LCK,JAX
LAS,SCK
AVL,SFB
SDF,SFB
MKE,PIE
SBN,PGD
AZA,DSM
ABE,BNA
RIC,SRQ
CLE,PGD
FNT,SFB
PIE,AVL
LAS,BLI
SYR,SRQ
CID,PGD
BMI,SFB
SAV,IND
LAX,PVU
USA,FLL
FWA,MYR
PIE,SDF
SAN,SCK
FWA,PIE
SDF,PIE
PIE,FSD
VPS,BLV
SFB,ABE
SFB,PIA
CVG,SAV
SRQ,AVL
VPS,MCI
PSC,LAS
ABE,PIE
JAX,ORF
MCI,PIE
FNT,PIE
MEM,AZA
SBN,SFB
LAS,RFD
OMA,PIE
PGD,AVL
SHV,LAS
PGD,PIT
AZA,MEM
PSM,PGD
LCK,MYR
FSD,AZA
FLL,AVL
ABE,MYR
SFB,DSM
MYR,MDT
MEM,SFB
SAV,CVG
LAS,IDA
PIE,GRR
SDF,PGD
SFB,CVG
BLI,OAK
GRR,BNA
SYR,FLL
PIA,AZA
SFB,PIT
AZA,FAR
IAG,SFB
SFB,GPT
SFB,MDT
LAS,MRY
BNA,SYR
PIE,MDT
CVG,PGD
BLI,LAS
SFB,BGR
PIE,LEX
SFB,MEM
IND,SFB
FAT,LAS
SFB,SAT
SFB,BIS
SFB,GSO
CHS,LCK
SFB,CHA
PIE,PIT
SRQ,RIC
RIC,PIE
SCK,LAS
SCK,SAN
MYR,CKB
PIE,FWA
LAS,ATW
SFB,FNT
CLE,SAV
PIE,ORF
MYR,IND
VPS,ICT
SFB,RDU
RFD,SFB
MFE,LAX
SFB,TYS
MYR,CLE
EUG,OAK
EVV,SFB
GRR,AZA
FLL,TYS
BMI,PIE
GSP,SFB
PIE,FNT
LAS,BIL
SFB,TUL
FLL,LCK
MYR,ABE
RFD,LAS
GRR,PIE
SRQ,MDT
SFB,HGR
IND,JAX
SFB,SHV
USA,PIE
HTS,PIE
SFB,FAR
HGR,SFB
CHS,IND
OAK,BLI
AZA,MSO
AZA,PIA
GJT,LAX
IAG,PGD
CLE,JAX
GRI,AZA
FLL,BLV
FLL,SYR
DSM,AZA
MFE,LAS
VPS,XNA
SDF,SAV
CVG,CHS
LAX,IDA
MEM,LAS
ICT,LAX
SHV,VPS
LCK,CHS
AZA,RFD
SRQ,CVG
HTS,SFB
XNA,LAX
SFB,SWF
SFB,LEX
SYR,MYR
PIE,DSM
SFB,OKC
LAS,FAR
SFB,IND
LAS,SGF
PVD,CVG
TYS,PGD
MSO,AZA
LAX,FAR
AZA,LAS
CVG,AZA
PBG,SFB
PIE,GSP
TUL,SFB
BIS,LAS
PIT,SAV
AZA,GRR
AZA,GJT
LCK,VPS
ICT,VPS
SGF,VPS
SFB,OWB
SHV,SFB
GRR,SFB
OAK,IDA
TUL,PIE
AZA,ATW
SFB,PBG
PIE,BGR
LEX,FLL
LEX,SFB
SAV,IAG
PIE,CHA
SFB,ELM
PGD,IND
GSP,PIE
SMX,LAS
LRD,LAS
PIE,SGF
PIE,OMA
SWF,MYR
FLL,GSP
FWA,AZA
VPS,SGF
AZA,PVU
VPS,DSM
PIT,SRQ
SFB,GRR
SFB,FSD
SWF,PGD
LAS,MFE
PIT,PIE
PIE,HTS
SFB,FWA
ROA,SFB
SCK,AZA
AVL,PIE
AUS,VPS
SAV,ALB
OKC,SFB
BWI,SRQ
PIE,USA
SGF,SFB
LAS,MEM
VPS,AUS
LAS,PSC
FSD,LAS
BLV,PIE
ANC,BLI
PGD,RFD
PIA,PIE
CHS,CVG
SFB,DAY
AZA,IDA
VPS,SDF
BLV,FLL
SRQ,BNA
SWF,SFB
DSM,LAX
BLV,MYR
PGD,ALB
MSY,USA
PGD,BNA
OAK,MSO
ABE,FLL
ORF,JAX
MYR,CVG
BLV,VPS
VPS,BWI
HGR,MYR
LAS,MFR
BIS,AZA
BNA,CID
CVG,VPS
SFB,HTS
LCK,SFB
BGR,SFB
OWB,SFB
OGD,AZA
PIT,JAX
MYR,HTS
CVG,MSY
LAS,LRD
MYR,LEX
IND,PIE
BWI,TYS
IDA,OAK
DSM,VPS
FAR,AZA
PIE,PBG
MRY,LAS
FLL,LEX
AZA,FCA
OMA,AZA
IND,CHS
VPS,CVG
SRQ,SYR
ICT,SFB
MDT,PIE
PIE,LCK
IND,SAV
BNA,PGD
CLE,SFB
BIL,LAS
LAS,SMX
SFB,MLI
SBN,LAS
CVG,PIE
PIA,VPS
PGD,PVD
LIT,VPS
ROC,SFB
ORF,CLE
RIC,SFB
PGD,TYS
DEN,AVL
PIT,TYS
BNA,XNA
CVG,PVD
SAV,CLE
MSY,CVG
FLL,MEM
PGD,IAG
LAX,FSD
XNA,VPS
SFB,EVV
BLI,AZA
GPT,SFB
AVL,DEN
AZA,RAP
AZA,BZN
BLV,PGD
ELM,PIE
EUG,LAS
PGD,TOL
PGD,ABE
PIT,PGD
TOL,VPS
MSO,LAS
LCK,PGD
PGD,LCK
AZA,STC
PSM,SAV
CVG,SFB
SAT,SFB
AZA,BLI
JAX,BLV
HTS,PGD
MOT,LAS
CID,LAX
EVV,VPS
HTS,VPS
SFB,BMI
VPS,TOL
PIE,CVG
PIE,ALB
CLE,PIE
BLI,PSP
ELM,SFB
SGF,AZA
IAG,PIE
SFB,GSP
LAX,TUL
TRI,SFB
MKE,SFB
MEM,VPS
SFB,USA
ALB,MYR
AVL,SRQ
ABE,PGD
PIE,TOL
RAP,AZA
VPS,PIT
VPS,EWR
AZA,PSC
MDT,MYR
LAX,MFE
SFB,ATW
SGF,PIE
SFB,TOL
TUL,VPS
ROA,PIE
CID,PIE
LAX,BLI
TOL,SFB
BNA,ABE
TYS,FLL
BWI,VPS
LAS,TYS
SJU,SFB
RFD,VPS
GSO,SFB
LAX,BIL
FSD,SFB
PSP,BLI
FSD,LAX
PIE,MLI
IND,SRQ
SFB,SJU
SFB,IAG
PIE,ELM
PGD,GRR
PIE,ATW
LAS,GRR
SFB,ROC
VPS,IND
SYR,BNA
AZA,CVG
LAS,SHV
LCK,SAV
VPS,TYS
PGD,SPI
LCK,PIE
PIT,AUS
AZA,GRI
MYR,SDF
MFR,AZA
PGD,MDT
SAN,EUG
ATW,PIE
TOL,PGD
ALB,PIE
MDT,BNA
LAX,LIT
PGD,FNT
GFK,LAS
IND,PGD
LAX,OKC
PIA,PGD
AZA,OMA
PBG,PIE
MYR,SWF
SGF,LAS
AZA,ICT
ORF,SFB
TYS,BWI
AZA,FSD
LAS,CID
ABE,SAV
RFD,AZA
EUG,AZA
IND,VPS
BIL,LAX
FSD,PIE
PIE,TRI
SFB,RIC
FCA,LAS
USA,PGD
SYR,SFB
LAS,GTF
SAV,ABE
SFB,BLV
LAS,PIA
AUS,MEM
MYR,PSM
PIE,RFD
CVG,SRQ
MDT,SRQ
ATW,LAS
LAS,EUG
BZN,AZA
FWA,PGD
MEM,FLL
PIE,PIA
LAX,DSM
PIT,VPS
SFB,OMA
PGD,PSM
BLI,LAX
TYS,LAS
SAV,BWI
PVD,PGD
PGD,USA
OAK,EUG
XNA,BNA
FLL,ABE
PIE,HGR
SAV,SDF
BNA,SAV
PGD,BLV
TYS,PIE
BNA,MDT
PIT,CHS
ORF,PIE
LAS,XNA
SAV,LCK
MFR,LAS
LIT,SFB
LAX,GJT
BLI,SAN
PIE,BLV
BIL,AZA
SFB,SDF
BLV,LAS
USA,VPS
SFB,XNA
LEX,PIE
OMA,SFB
PIE,RIC
CHA,SFB
VPS,USA
GTF,LAS
SGF,LAX
SRQ,PIT
CID,LAS
BZN,LAS
VPS,TUL
ALB,SAV
MEM,PIE
BLI,ANC
VPS,LCK
DSM,PGD
MLI,AZA
MYR,LCK
AZA,OAK
GRR,LAS
LAS,FSD
SBN,PIE
ATW,SFB
SAV,PIT
STC,AZA
OAK,AZA
AZA,EUG
SWF,PIE
PGD,FWA
PIE,GSO
BNA,SFB
SFB,CID
TUS,PVU
PSC,AZA
MYR,HGR
CID,BNA
EWR,VPS
SFB,LIT
SFB,MKE
AVL,PGD
SFB,SYR
FAR,LAS
SAV,PSM
USA,SFB
PIE,BMI
CKB,MYR
MLI,SFB
LAX,XNA
FCA,AZA
CID,AZA
FWA,SFB
PIE,DAY
SFB,PSM
VPS,LIT
BGR,PIE
VPS,EVV
IDA,LAX
HGR,PIE
GTF,AZA
LAS,MOT
PGD,PIA
SDF,MYR
AZA,MOT
VPS,LEX
RDU,PGD
PIE,IAG
LCK,SRQ
SAV,GRR
LCK,FLL
PIE,MCI
AZA,GTF
ATW,AZA
GRR,SAV
VPS,RFD
ORF,CVG
PSM,SFB
AZA,SCK
CKB,SFB
GJT,LAS
PIE,MKE
SFB,RFD
PGD,HTS
LAS,MLI
PIE,SWF
AZA,BIS
CLE,ORF
LEX,MYR
CID,SFB
FLL,ORF
LIT,LAX
JAX,LCK
MOT,AZA
MDT,PGD
PGD,SWF
PGD,LEX
MYR,SYR
BZN,DFW
DFW,BZN
MDT,DFW
DFW,MDT
GRR,DFW
CID,DFW
DFW,CID
ILM,ORD
ORD,ILM
DFW,GJT
GJT,DFW
EVV,ORD
LIT,DCA
ALO,ORD
ERI,ORD
ORD,ERI
FCA,DFW
GCK,DFW
ATL,RAP
RAP,ATL
LNK,ATL
DTW,CWA
ATL,LNK
CVG,STL
STL,CVG
TYS,MSP
ORD,PBI
PBI,ORD
PSP,DFW
SAV,DFW
LAS,DCA
LAS,HNL
HNL,LAS
SMF,HNL
HNL,SMF
HNL,JFK
JFK,HNL
LGB,HNL
HNL,LGB
BOS,HNL
HNL,BOS
AUS,SFB
GRI,LAS
RFD,PGD
AZA,FWA
TYS,SFB
TOL,PIE
LAS,GJT
VPS,PIA
PGD,DSM
SRQ,IND
JAX,IND
PIE,TUL
AZA,MLI
SFB,MCI
AZA,SBN
ICT,AZA
FNT,PGD
OGS,SFB
USA,MSY
LEX,VPS
RFD,PIE
AZA,GFK
LAS,BLV
SPI,PGD
XNA,LAS
BNA,GRR
MLI,PIE
RIC,BNA
FAR,LAX
SFB,LCK
PIE,CLE
PIT,MSY
OMA,VPS
VPS,CLE
PVU,TUS
VPS,OMA
AVL,BWI
MCI,SFB
BIS,SFB
PGD,RDU
GFK,AZA
SFB,ALB
TYS,PIT
LAX,CID
PGD,SDF
DAY,PIE
PIE,MEM
SFB,CLE
MEM,OAK
XNA,SFB
GSO,PIE
MCI,PGD
PIE,ROA
AZA,MFR
SRQ,GRR
PIA,SFB
PIE,SBN
FAR,SFB
PIT,SFB
TUL,LAX
SFB,BNA
SFB,OGS
JAX,CLE
PGD,CLE
BNA,SRQ
FLL,SDF
MEM,AUS
AUS,PIT
PIE,CID
CHS,PIT
SFB,AUS
LAS,RAP
LAS,GFK
OAK,FCA
FLL,LBE
LBE,FLL
FLL,GSO
GSO,FLL
MYR,FLL
TPA,GSO
GSO,TPA
MYR,BDL
BDL,MYR
AVL,MCO
MCO,AVL
FLL,MYR
MCO,ACY
ACY,ATL
CMH,MYR
MYR,CMH
TPA,AVL
AVL,TPA
AMA,DEN
IAH,RAP
EWR,CAK
ROC,EWR
ALB,PGD
SFB,CKB
CHA,PIE
CLE,VPS
IAG,SAV
HNL,DFW
CLT,MSN
DCA,LAN
LAN,DCA
PHF,PHL
RDU,SFB
LAX,ICT
RAP,LAS
SRQ,LCK
PSM,MYR
PIE,BNA
MSO,OAK
MLI,LAS
TRI,PIE
MYR,ALB
DAY,SFB
SFB,ICT
SFB,ELP
SDF,VPS
OAK,MEM
SBN,AZA
VPS,MEM
BWI,AVL
LAS,GRI
CLE,MYR
LAS,BIS
EUG,SAN
MYR,FWA
LAS,FCA
BWI,SAV
PVD,SAV
ORF,FLL
GJT,AZA
OKC,LAX
CLT,SJU
PDX,CLT
DSM,PHX
CLT,STX
STX,CLT
PIT,DFW
DFW,SJU
SAT,PHL
CLT,PDX
PHL,SAT
GEG,DFW
MYR,MCO
ACY,FLL
FLL,ACY
STT,MCO
MYR,CRW
CRW,MYR
MCO,STT
IAG,MYR
ACY,MCO
IAH,MYR
ATL,ACY
ACY,TPA
TPA,ACY
MYR,ACY
PBG,MYR
MYR,PBG
DTW,OAK
OAK,DTW
LBE,MCO
OAK,ORD
MCO,LBE
OAK,IAH
MSP,MYR
MYR,MSP
RSW,ACY
IAH,OAK
DFW,OAK
OAK,DFW
ORF,BOS
MHT,LGA
DTW,AVL
MSP,SAV
SAV,MSP
PHX,ANC
DFW,BDL
MIA,SAT
SEA,MIA
GSP,MIA
MIA,GSP
ORD,CWA
DFW,ILM
JLN,ORD
DFW,CMI
ORD,JLN
EYW,ORD
ORD,EYW
LGA,ROA
ROA,LGA
